	+Z+Z	+Z+X	+Z+Y	+Z-Z	+Z-X	+Z-Y	+X+Z	+X+X	+X+Y	+X-Z	+X-X	+X-Y	+Y+Z	+Y+X	+Y+Y	+Y-Z	+Y-X	+Y-Y	-Z+Z	-Z+X	-Z+Y	-Z-Z	-Z-X	-Z-Y	-X+Z	-X+X	-X+Y	-X-Z	-X-X	-X-Y	-Y+Z	-Y+X	-Y+Y	-Y-Z	-Y-X	-Y-Y	Pulse length
0	38550.0	32431.0	32223.0	26345.0	33035.0	32490.0	34654.0	30336.0	25273.0	25230.0	33337.0	37262.0	35001.0	37231.0	30770.0	23515.0	26112.0	32972.0	29966.0	33031.0	26031.0	25008.0	26968.0	34102.0	34659.0	32601.0	37384.0	30483.0	31031.0	26268.0	34732.0	25518.0	32508.0	32371.0	36901.0	30438.0	0.0
1	38287.0	31677.0	32308.0	26626.0	32456.0	32999.0	34497.0	33825.0	35967.0	28088.0	28429.0	27102.0	35245.0	26603.0	33754.0	31827.0	36515.0	28872.0	30734.0	28596.0	35068.0	32637.0	31527.0	26495.0	34405.0	28131.0	26239.0	26470.0	34131.0	35939.0	34661.0	35362.0	29313.0	22658.0	27314.0	33671.0	9.999999999999999e-10
2	38522.0	32978.0	32786.0	26633.0	32100.0	32831.0	35166.0	27766.0	28826.0	29489.0	35933.0	34518.0	35381.0	35090.0	26629.0	22667.0	28278.0	35954.0	31143.0	29949.0	26220.0	27061.0	31057.0	34746.0	35453.0	36256.0	35402.0	26367.0	27990.0	28333.0	35337.0	29157.0	35801.0	32291.0	34353.0	27267.0	1.9999999999999997e-09
3	39767.0	35268.0	34796.0	29161.0	35011.0	35026.0	36500.0	38708.0	34012.0	26893.0	29241.0	32913.0	36723.0	32785.0	38190.0	33349.0	35183.0	29366.0	33269.0	35586.0	36642.0	32097.0	30685.0	28685.0	37187.0	29601.0	32657.0	33179.0	38070.0	34474.0	37615.0	35371.0	29254.0	27061.0	32478.0	38633.0	2.9999999999999996e-09
4	39346.0	34154.0	34161.0	28331.0	34202.0	34002.0	36796.0	29229.0	34448.0	32965.0	37793.0	32211.0	36062.0	32062.0	28663.0	27235.0	34577.0	37499.0	32848.0	29297.0	30367.0	32146.0	35949.0	33985.0	36823.0	37290.0	32327.0	25347.0	29087.0	33964.0	36010.0	34079.0	37424.0	31223.0	31544.0	28258.0	3.9999999999999994e-09
5	37411.0	32744.0	32030.0	25884.0	31821.0	32156.0	34735.0	34360.0	27276.0	23312.0	27942.0	34637.0	35404.0	34173.0	34683.0	26758.0	27979.0	28981.0	31627.0	34451.0	29422.0	25517.0	26315.0	29998.0	34049.0	28042.0	34414.0	31362.0	34267.0	27781.0	34810.0	28284.0	27854.0	27283.0	33922.0	34011.0	4.999999999999999e-09
6	37333.0	32134.0	31475.0	27386.0	31480.0	31781.0	34519.0	30031.0	35377.0	31428.0	32372.0	27516.0	33774.0	25776.0	29519.0	31126.0	35552.0	32056.0	29535.0	27150.0	32110.0	33382.0	33025.0	27368.0	34842.0	33119.0	27300.0	24278.0	29731.0	35382.0	33575.0	35370.0	32933.0	24932.0	26071.0	29786.0	5.999999999999999e-09
7	37251.0	32030.0	32539.0	25961.0	32676.0	31709.0	33350.0	29636.0	26847.0	25689.0	31689.0	36182.0	34325.0	35983.0	30456.0	23396.0	27130.0	31906.0	29854.0	33244.0	26404.0	25252.0	27352.0	34863.0	33435.0	32583.0	35937.0	30683.0	30199.0	26411.0	34433.0	26863.0	32238.0	31952.0	35395.0	31180.0	6.999999999999999e-09
8	38682.0	33774.0	33115.0	28021.0	34186.0	34111.0	36091.0	35507.0	36637.0	29122.0	30376.0	29385.0	35044.0	28101.0	35818.0	34192.0	37176.0	30119.0	31032.0	31484.0	35808.0	33876.0	32551.0	28185.0	35931.0	29760.0	28882.0	28876.0	35482.0	36558.0	35369.0	36490.0	29435.0	24427.0	28915.0	35299.0	7.999999999999999e-09
9	39130.0	33690.0	33328.0	27865.0	33822.0	33968.0	36276.0	28578.0	30291.0	31260.0	37173.0	34526.0	36617.0	34181.0	28747.0	25423.0	31976.0	36794.0	32910.0	30876.0	27769.0	29443.0	33629.0	35610.0	35539.0	36622.0	34547.0	27616.0	29028.0	30768.0	36201.0	31459.0	36602.0	32514.0	34752.0	28624.0	8.999999999999998e-09
10	38336.0	32273.0	32467.0	26759.0	33013.0	32562.0	34802.0	36627.0	31215.0	25105.0	27896.0	32540.0	34466.0	31281.0	36941.0	31024.0	32314.0	27149.0	31388.0	34502.0	34153.0	28989.0	27773.0	28614.0	35150.0	27474.0	32954.0	31355.0	36248.0	31122.0	34763.0	31354.0	27452.0	25626.0	31864.0	36038.0	9.999999999999999e-09
11	40573.0	35400.0	35017.0	28559.0	34839.0	34678.0	37183.0	30702.0	36227.0	34359.0	37638.0	31659.0	37920.0	31618.0	31176.0	30129.0	37062.0	37808.0	33571.0	29192.0	32380.0	33752.0	37087.0	33387.0	37467.0	37857.0	31377.0	26172.0	30075.0	36305.0	37338.0	37126.0	37401.0	29964.0	30847.0	30343.0	1.1e-08
12	36292.0	31126.0	30591.0	24841.0	30305.0	31445.0	34806.0	31964.0	25774.0	21988.0	28529.0	34414.0	34718.0	34357.0	32095.0	24889.0	26342.0	28430.0	30895.0	32986.0	27226.0	23660.0	26330.0	31296.0	33619.0	29040.0	34638.0	29389.0	32164.0	26002.0	34370.0	25590.0	28661.0	27676.0	34220.0	33095.0	1.1999999999999998e-08
13	38205.0	31932.0	32329.0	27056.0	32832.0	32475.0	35960.0	31618.0	36212.0	30105.0	31652.0	27881.0	35700.0	27555.0	32544.0	30948.0	36214.0	31500.0	32266.0	28493.0	34012.0	32382.0	33947.0	28234.0	35659.0	30966.0	27529.0	24722.0	33171.0	36141.0	35465.0	35390.0	31154.0	23751.0	28887.0	32320.0	1.2999999999999997e-08
14	39488.0	33221.0	34262.0	27144.0	34229.0	34208.0	36747.0	29080.0	30284.0	29652.0	36078.0	36326.0	37509.0	36092.0	29570.0	24620.0	30213.0	36530.0	33611.0	31244.0	28176.0	27916.0	33214.0	36637.0	36512.0	36183.0	35618.0	27840.0	30560.0	31077.0	36591.0	30484.0	35381.0	32788.0	36517.0	30445.0	1.3999999999999998e-08
15	38264.0	32511.0	32402.0	27069.0	32926.0	33424.0	35404.0	36241.0	32958.0	25796.0	28405.0	32202.0	35232.0	31740.0	36683.0	31766.0	33077.0	28296.0	31057.0	34022.0	34754.0	30158.0	29243.0	28147.0	35598.0	28205.0	31371.0	30822.0	36831.0	32734.0	35342.0	32668.0	27835.0	25569.0	31579.0	36356.0	1.5e-08
16	39378.0	33487.0	34243.0	28238.0	34231.0	34029.0	36255.0	29370.0	35014.0	33425.0	37515.0	31195.0	36207.0	31540.0	29114.0	27934.0	35039.0	37177.0	32719.0	28245.0	31183.0	32794.0	35953.0	33416.0	36057.0	37117.0	31345.0	24991.0	28983.0	34742.0	36678.0	35071.0	37082.0	30890.0	31690.0	28959.0	1.5999999999999998e-08
17	38810.0	34128.0	34184.0	27794.0	33116.0	33705.0	36300.0	35404.0	29381.0	24608.0	30094.0	36575.0	35974.0	36166.0	35405.0	27614.0	29409.0	30066.0	32840.0	35683.0	30705.0	27234.0	28062.0	32070.0	36733.0	30755.0	36111.0	33081.0	35318.0	29541.0	36471.0	29395.0	30217.0	29649.0	36447.0	35267.0	1.6999999999999997e-08
18	38213.0	33064.0	33185.0	28001.0	33300.0	33601.0	35867.0	32314.0	36737.0	31314.0	33012.0	28885.0	35479.0	29260.0	32632.0	31475.0	36454.0	32058.0	33194.0	28772.0	34742.0	33515.0	34496.0	28879.0	36095.0	32692.0	28821.0	26600.0	32824.0	36031.0	35852.0	36507.0	32969.0	26355.0	28953.0	31970.0	1.7999999999999996e-08
19	39477.0	34366.0	33820.0	28090.0	34133.0	34680.0	36632.0	30803.0	30451.0	28347.0	35410.0	36644.0	37092.0	36174.0	31329.0	25808.0	30518.0	35323.0	34145.0	32832.0	29128.0	27430.0	32083.0	35859.0	37741.0	35739.0	36252.0	29866.0	30878.0	29737.0	37266.0	30273.0	35741.0	32717.0	36721.0	31379.0	1.8999999999999998e-08
20	38894.0	33445.0	32778.0	27906.0	33308.0	33120.0	36627.0	36400.0	33413.0	26975.0	29725.0	31651.0	35897.0	31153.0	35847.0	31742.0	33794.0	29002.0	33750.0	33679.0	34737.0	30500.0	30434.0	29233.0	36751.0	29355.0	31956.0	30061.0	36636.0	33723.0	36459.0	33842.0	29328.0	25432.0	31543.0	35897.0	1.9999999999999997e-08
21	37049.0	31044.0	32129.0	26012.0	32157.0	31990.0	33998.0	27753.0	32067.0	29578.0	34095.0	29874.0	34493.0	29312.0	27766.0	25841.0	32815.0	33952.0	32051.0	27494.0	28595.0	29119.0	33282.0	31205.0	34622.0	33993.0	29645.0	23945.0	28175.0	32314.0	34043.0	32507.0	34021.0	27701.0	29668.0	28232.0	2.0999999999999996e-08
22	38804.0	33814.0	33656.0	28579.0	33949.0	33733.0	36763.0	34415.0	29754.0	25991.0	31613.0	36185.0	36741.0	36141.0	34972.0	28281.0	29937.0	31049.0	34566.0	35457.0	31216.0	26955.0	29027.0	33533.0	36885.0	31912.0	36031.0	32121.0	34189.0	29484.0	37032.0	30332.0	31092.0	30570.0	35984.0	34985.0	2.2e-08
23	40006.0	34794.0	34136.0	28588.0	34669.0	34314.0	37249.0	34415.0	37444.0	31733.0	33627.0	29394.0	37215.0	29570.0	34037.0	32795.0	37829.0	33011.0	33992.0	30379.0	35546.0	34489.0	34549.0	29428.0	37339.0	33128.0	29730.0	27499.0	33827.0	37578.0	37085.0	37324.0	33286.0	26949.0	29715.0	34388.0	2.2999999999999998e-08
24	38710.0	33444.0	32823.0	26859.0	33313.0	33068.0	36367.0	29239.0	29239.0	28989.0	34785.0	34763.0	35766.0	34391.0	29432.0	25691.0	29510.0	34896.0	33792.0	31455.0	28664.0	27319.0	32636.0	34695.0	35476.0	35005.0	34537.0	27379.0	28781.0	29916.0	35842.0	29775.0	34226.0	31868.0	34591.0	30267.0	2.3999999999999997e-08
25	37702.0	31038.0	32148.0	25395.0	30893.0	31875.0	34730.0	34832.0	31412.0	23445.0	26255.0	30332.0	34620.0	29668.0	34995.0	28743.0	31033.0	26696.0	31541.0	32133.0	32355.0	27611.0	27194.0	26898.0	35143.0	26721.0	30283.0	28545.0	35090.0	30993.0	34509.0	31935.0	26372.0	23246.0	30619.0	35170.0	2.4999999999999996e-08
26	38483.0	32822.0	32763.0	26110.0	32245.0	32007.0	35660.0	28558.0	34115.0	31114.0	34897.0	29356.0	35989.0	29397.0	28727.0	25941.0	33763.0	34960.0	33190.0	27419.0	30625.0	29718.0	34635.0	31467.0	36017.0	35561.0	29188.0	22945.0	28365.0	33679.0	36074.0	34230.0	35334.0	26933.0	29095.0	28852.0	2.5999999999999995e-08
27	39330.0	32170.0	33445.0	26635.0	33060.0	32904.0	36588.0	33015.0	28553.0	24318.0	31342.0	36290.0	36493.0	36518.0	33572.0	25385.0	27991.0	31876.0	33280.0	34768.0	29925.0	25583.0	27915.0	33542.0	36252.0	31227.0	36380.0	30749.0	33763.0	28565.0	36178.0	28289.0	31327.0	30117.0	36788.0	33705.0	2.6999999999999997e-08
28	39272.0	33379.0	33209.0	27522.0	33496.0	33517.0	36733.0	34285.0	36504.0	29898.0	31315.0	29280.0	36967.0	28845.0	34512.0	31806.0	36787.0	31260.0	34162.0	30711.0	35656.0	31737.0	32841.0	28529.0	36861.0	31024.0	29150.0	26850.0	34446.0	36572.0	37032.0	36560.0	31249.0	24602.0	29316.0	34315.0	2.7999999999999996e-08
29	39021.0	33396.0	32718.0	26843.0	33026.0	33174.0	36591.0	28805.0	30394.0	28936.0	36100.0	34409.0	36458.0	34173.0	28894.0	23940.0	30597.0	36328.0	33145.0	30529.0	28295.0	27215.0	32467.0	34890.0	36466.0	35905.0	34344.0	26041.0	28640.0	30744.0	36450.0	30470.0	35984.0	31118.0	34397.0	28904.0	2.8999999999999995e-08
30	37503.0	31817.0	32024.0	25800.0	31216.0	31778.0	34673.0	35069.0	29898.0	23149.0	26558.0	31705.0	34195.0	31776.0	34932.0	28776.0	29960.0	25991.0	30904.0	33774.0	32490.0	26838.0	26259.0	27968.0	34947.0	26430.0	31942.0	29500.0	35257.0	30303.0	34687.0	29911.0	26084.0	23829.0	31320.0	35264.0	3e-08
31	37247.0	31459.0	31635.0	25466.0	31346.0	31715.0	35099.0	28007.0	33664.0	30583.0	33507.0	27794.0	34965.0	27700.0	28148.0	27633.0	34508.0	33743.0	31322.0	26381.0	30109.0	30174.0	33715.0	29735.0	34860.0	33643.0	27458.0	22423.0	27582.0	34095.0	34638.0	34013.0	33494.0	25597.0	27580.0	27877.0	3.099999999999999e-08
32	39037.0	33512.0	33816.0	27890.0	33860.0	33966.0	36818.0	33242.0	29759.0	26672.0	33037.0	37304.0	36732.0	36764.0	33633.0	26179.0	29750.0	33188.0	34425.0	35189.0	30114.0	26328.0	30178.0	34775.0	36282.0	32851.0	37206.0	31285.0	32967.0	29094.0	36941.0	29609.0	33282.0	31676.0	37162.0	33986.0	3.1999999999999995e-08
33	37034.0	31356.0	31878.0	24024.0	30608.0	30525.0	34507.0	32631.0	32968.0	25710.0	27252.0	26232.0	34307.0	28302.0	32421.0	29315.0	32221.0	27322.0	31612.0	29941.0	32503.0	28560.0	28926.0	25625.0	34925.0	28645.0	26704.0	23976.0	31471.0	33078.0	34153.0	33738.0	27092.0	21324.0	26523.0	32381.0	3.3e-08
34	38894.0	33409.0	34104.0	28110.0	33502.0	33011.0	36964.0	28789.0	32786.0	31270.0	36408.0	33726.0	37113.0	33872.0	29915.0	25573.0	32747.0	36542.0	34561.0	30865.0	29697.0	28766.0	33868.0	35018.0	36303.0	36311.0	33629.0	26053.0	28671.0	32947.0	36890.0	32654.0	36388.0	30379.0	33695.0	29541.0	3.3999999999999993e-08
35	37528.0	31767.0	31667.0	26128.0	31778.0	32419.0	34815.0	35290.0	29275.0	23494.0	28480.0	34453.0	35325.0	33711.0	34816.0	28056.0	29020.0	27931.0	31645.0	33953.0	31496.0	25918.0	27474.0	29890.0	35148.0	27407.0	33504.0	29376.0	34859.0	30008.0	34920.0	28401.0	27651.0	25668.0	34167.0	34641.0	3.4999999999999996e-08
36	38580.0	32474.0	33188.0	26149.0	32302.0	33340.0	35477.0	30707.0	36220.0	30732.0	32813.0	27691.0	35713.0	28022.0	30475.0	29268.0	35939.0	32897.0	32642.0	27566.0	32671.0	32018.0	34641.0	29293.0	35548.0	32688.0	28121.0	23696.0	30247.0	35989.0	35876.0	35678.0	32704.0	25404.0	27954.0	30618.0	3.599999999999999e-08
37	38007.0	31926.0	31570.0	26259.0	32667.0	31419.0	35281.0	29923.0	27410.0	26091.0	32993.0	34890.0	35281.0	35656.0	29771.0	23328.0	26921.0	32113.0	31708.0	31263.0	26897.0	25422.0	28517.0	33450.0	35472.0	32888.0	35430.0	28433.0	29496.0	27517.0	34613.0	28278.0	33392.0	30674.0	35224.0	29517.0	3.6999999999999994e-08
38	40542.0	34315.0	34713.0	28618.0	34147.0	34793.0	37540.0	37693.0	35854.0	28309.0	30555.0	31806.0	37901.0	31895.0	36975.0	32962.0	36402.0	30195.0	34679.0	33970.0	36999.0	31970.0	31888.0	29754.0	37898.0	30200.0	31718.0	30627.0	37470.0	36310.0	37877.0	35914.0	30344.0	25326.0	32114.0	37558.0	3.7999999999999996e-08
39	39119.0	33237.0	33243.0	27252.0	33491.0	34036.0	37063.0	28236.0	33431.0	30994.0	37076.0	32222.0	37029.0	31830.0	28566.0	25816.0	33656.0	37204.0	33643.0	28767.0	29758.0	29838.0	35236.0	34218.0	36726.0	36725.0	32179.0	24423.0	28764.0	33484.0	36719.0	33246.0	36458.0	30203.0	32329.0	28722.0	3.899999999999999e-08
40	39655.0	33413.0	33287.0	26977.0	33016.0	33404.0	36825.0	35137.0	29886.0	24122.0	30539.0	35709.0	36963.0	35451.0	35509.0	27672.0	30033.0	30214.0	34385.0	35585.0	31688.0	26371.0	28468.0	32042.0	36445.0	30138.0	35912.0	31847.0	35687.0	29809.0	36923.0	29719.0	29750.0	28487.0	36198.0	35850.0	3.9999999999999994e-08
41	39154.0	32925.0	33559.0	26470.0	33187.0	33592.0	37300.0	32396.0	37011.0	29788.0	32701.0	28372.0	37024.0	28355.0	32931.0	30286.0	36719.0	32758.0	34412.0	29670.0	34594.0	31922.0	34208.0	29231.0	37436.0	32965.0	28772.0	25056.0	33355.0	36673.0	36830.0	36980.0	32578.0	24970.0	28927.0	32763.0	4.0999999999999997e-08
42	38361.0	33210.0	33236.0	27401.0	33109.0	33040.0	36510.0	30054.0	29633.0	28097.0	35427.0	35325.0	36836.0	35366.0	29836.0	23990.0	29833.0	35396.0	34199.0	31468.0	27828.0	26172.0	31714.0	35235.0	36304.0	34952.0	35410.0	27154.0	29445.0	29226.0	36657.0	30132.0	34928.0	31583.0	34833.0	30056.0	4.199999999999999e-08
43	37882.0	32870.0	32932.0	28161.0	33628.0	33300.0	35960.0	35706.0	32825.0	25973.0	29446.0	32385.0	35345.0	32335.0	35819.0	31050.0	32600.0	28866.0	32916.0	33560.0	33874.0	28940.0	29297.0	28999.0	36363.0	28689.0	31966.0	30113.0	36069.0	33411.0	35647.0	32385.0	28736.0	24926.0	32695.0	36177.0	4.2999999999999995e-08
44	39165.0	33985.0	34637.0	28670.0	34108.0	34762.0	36705.0	30402.0	35538.0	32989.0	36748.0	31560.0	37264.0	32334.0	30606.0	28073.0	35153.0	36545.0	34851.0	29851.0	32031.0	32080.0	35780.0	32868.0	36649.0	36413.0	30694.0	26639.0	30319.0	35426.0	36965.0	35348.0	36672.0	30526.0	32127.0	30996.0	4.4e-08
45	37491.0	32894.0	32662.0	26665.0	32470.0	31759.0	36483.0	32908.0	28916.0	25064.0	30732.0	34622.0	35152.0	35207.0	33025.0	25308.0	28824.0	30722.0	32570.0	33531.0	29650.0	25659.0	28517.0	32278.0	36200.0	30401.0	34899.0	29701.0	32357.0	28530.0	36090.0	28340.0	29520.0	29494.0	34994.0	33444.0	4.499999999999999e-08
46	37380.0	32415.0	32043.0	26996.0	32955.0	32278.0	35071.0	33643.0	34538.0	27527.0	30618.0	28953.0	35749.0	28926.0	33025.0	29936.0	35278.0	30728.0	33783.0	30272.0	34531.0	30169.0	32101.0	27937.0	36160.0	29530.0	29491.0	27594.0	33902.0	34731.0	36491.0	34349.0	30541.0	24371.0	29721.0	33157.0	4.5999999999999995e-08
47	37677.0	32370.0	33022.0	27953.0	32809.0	32519.0	36229.0	29283.0	30928.0	29643.0	35582.0	33616.0	35758.0	33038.0	29719.0	25454.0	31310.0	35277.0	33451.0	30717.0	28984.0	28627.0	32777.0	34176.0	35506.0	35509.0	33102.0	26628.0	29027.0	31446.0	35314.0	31033.0	35415.0	31052.0	33094.0	29546.0	4.699999999999999e-08
48	36277.0	31844.0	31230.0	25743.0	32431.0	31254.0	34726.0	33846.0	29325.0	23140.0	28541.0	31882.0	34828.0	32222.0	33964.0	27095.0	29659.0	27375.0	32327.0	32641.0	30904.0	25347.0	27432.0	29176.0	34728.0	28185.0	32472.0	29409.0	34636.0	29455.0	34824.0	29693.0	27716.0	25387.0	32744.0	33729.0	4.799999999999999e-08
49	38502.0	33534.0	32670.0	27106.0	33435.0	33986.0	36496.0	31562.0	35675.0	30477.0	34451.0	29986.0	37323.0	28686.0	30977.0	29879.0	35820.0	34335.0	35006.0	29134.0	33900.0	32379.0	34710.0	31272.0	37198.0	33092.0	29919.0	25834.0	32098.0	35814.0	36692.0	35425.0	33827.0	26991.0	29831.0	32519.0	4.8999999999999995e-08
50	37607.0	32139.0	32603.0	26435.0	32362.0	32179.0	35188.0	30506.0	29399.0	25338.0	31898.0	34313.0	35156.0	34503.0	30424.0	23829.0	29227.0	31944.0	33067.0	32486.0	28232.0	24604.0	30222.0	33940.0	35090.0	33129.0	34666.0	27687.0	31354.0	28746.0	35903.0	28046.0	32261.0	29498.0	35405.0	31383.0	4.999999999999999e-08
51	36582.0	31560.0	31423.0	26522.0	31576.0	31461.0	34843.0	33837.0	32832.0	25997.0	28417.0	29357.0	34647.0	29578.0	34090.0	29792.0	32577.0	28443.0	32538.0	31020.0	32609.0	29305.0	29665.0	27798.0	35247.0	28024.0	29709.0	27276.0	33942.0	33293.0	34687.0	32879.0	27833.0	24682.0	28771.0	33664.0	5.0999999999999993e-08
52	36832.0	31011.0	31915.0	25600.0	31361.0	32013.0	34754.0	27612.0	31107.0	29822.0	35112.0	30358.0	35291.0	30051.0	27416.0	24941.0	30874.0	34428.0	32659.0	27655.0	28772.0	27807.0	32432.0	31839.0	34793.0	34638.0	30413.0	24177.0	27534.0	31499.0	34785.0	31202.0	34396.0	28164.0	31122.0	28084.0	5.199999999999999e-08
53	38116.0	32260.0	32166.0	26204.0	32466.0	32706.0	36201.0	33935.0	29658.0	23745.0	29856.0	34448.0	35619.0	34855.0	33842.0	26436.0	29543.0	29539.0	33716.0	34168.0	30429.0	25173.0	28661.0	32066.0	36070.0	30115.0	34171.0	30138.0	33840.0	29557.0	35771.0	29207.0	29456.0	27170.0	34694.0	34181.0	5.299999999999999e-08
54	35841.0	30776.0	30249.0	24968.0	31012.0	31296.0	34131.0	30609.0	33461.0	27741.0	29792.0	27383.0	34751.0	26750.0	30770.0	28701.0	33456.0	30222.0	32405.0	27921.0	32243.0	29048.0	31624.0	27342.0	34470.0	30027.0	26595.0	24148.0	30233.0	33541.0	34565.0	33128.0	29771.0	23337.0	27172.0	31232.0	5.3999999999999994e-08
55	38960.0	33241.0	32954.0	28040.0	32856.0	32818.0	36940.0	29947.0	30607.0	28663.0	35416.0	34654.0	36543.0	34737.0	29688.0	24617.0	30009.0	34703.0	34991.0	31369.0	29122.0	26722.0	32215.0	34505.0	37012.0	34830.0	35219.0	26942.0	29780.0	30177.0	36453.0	29162.0	34467.0	31337.0	34818.0	29630.0	5.499999999999999e-08
56	38205.0	31865.0	32983.0	26329.0	31740.0	32423.0	35460.0	35107.0	31589.0	24764.0	28091.0	32260.0	35648.0	31346.0	35463.0	28577.0	31274.0	28900.0	33560.0	33525.0	33529.0	27389.0	28952.0	29149.0	35686.0	28795.0	31521.0	29552.0	35651.0	31979.0	35444.0	32057.0	28574.0	25261.0	32438.0	34588.0	5.599999999999999e-08
57	38765.0	32776.0	33140.0	27697.0	33305.0	33110.0	36903.0	29980.0	35223.0	31218.0	35074.0	30053.0	36761.0	30859.0	30364.0	28489.0	35021.0	35459.0	34719.0	29090.0	32829.0	30930.0	34949.0	32026.0	37269.0	34957.0	30783.0	25285.0	30702.0	35519.0	36786.0	35366.0	35292.0	28311.0	30194.0	29999.0	5.6999999999999994e-08
58	38328.0	32628.0	32847.0	26606.0	32479.0	32055.0	35997.0	32788.0	29136.0	25266.0	32070.0	35319.0	36240.0	35121.0	32327.0	24837.0	27776.0	32203.0	34164.0	33824.0	29425.0	25605.0	29294.0	33477.0	36446.0	31733.0	35496.0	29413.0	32653.0	28583.0	36660.0	29152.0	32081.0	29494.0	35575.0	32391.0	5.799999999999999e-08
59	37459.0	32477.0	32208.0	26618.0	32088.0	32164.0	35989.0	34062.0	33994.0	26832.0	29725.0	29505.0	35713.0	29403.0	33576.0	30190.0	34163.0	29278.0	33697.0	30809.0	33555.0	29621.0	31127.0	28549.0	36051.0	29264.0	29302.0	26693.0	34184.0	34076.0	35900.0	33947.0	29665.0	23914.0	29488.0	33731.0	5.899999999999999e-08
60	37547.0	31450.0	32039.0	26086.0	32175.0	31865.0	35489.0	28332.0	30911.0	28797.0	34793.0	31530.0	35718.0	32110.0	28547.0	24633.0	31870.0	35068.0	34085.0	29543.0	28811.0	27584.0	32983.0	33278.0	35862.0	34760.0	31344.0	24751.0	28447.0	30882.0	35341.0	31195.0	34468.0	28796.0	31582.0	28366.0	6e-08
61	39711.0	33543.0	34258.0	28115.0	33910.0	34172.0	37631.0	35815.0	31197.0	25064.0	30948.0	35599.0	37460.0	35504.0	36106.0	28383.0	31103.0	31329.0	35098.0	35275.0	32820.0	27065.0	30273.0	32767.0	37546.0	30737.0	35608.0	31897.0	36198.0	31352.0	37448.0	31304.0	30624.0	28280.0	35860.0	36269.0	6.099999999999999e-08
62	39923.0	34331.0	34052.0	28562.0	34706.0	34824.0	37543.0	33080.0	37293.0	31793.0	34870.0	30669.0	38278.0	30272.0	33448.0	31504.0	37753.0	34840.0	35708.0	30940.0	34989.0	33075.0	36055.0	31972.0	38310.0	35129.0	30790.0	27054.0	33405.0	37632.0	38116.0	37706.0	34889.0	27647.0	31010.0	33707.0	6.199999999999999e-08
63	38273.0	32425.0	32735.0	26632.0	32476.0	33098.0	36475.0	30220.0	29729.0	27217.0	34067.0	35234.0	36072.0	35153.0	30086.0	24647.0	29461.0	33634.0	33707.0	32124.0	28925.0	26327.0	30900.0	34242.0	36105.0	33388.0	34764.0	27750.0	31034.0	29502.0	36537.0	29212.0	33528.0	30973.0	35672.0	30445.0	6.3e-08
64	36543.0	31223.0	32185.0	25304.0	31627.0	31430.0	34556.0	33965.0	31843.0	24468.0	27569.0	29611.0	35311.0	29719.0	33287.0	28434.0	31891.0	28029.0	32759.0	31766.0	32403.0	27589.0	28976.0	27795.0	35256.0	27609.0	29564.0	27566.0	33606.0	32188.0	35257.0	31859.0	27484.0	23436.0	29650.0	34225.0	6.399999999999999e-08
65	38120.0	32695.0	32159.0	26904.0	33309.0	33390.0	37082.0	29295.0	33999.0	30484.0	35314.0	31223.0	36909.0	31045.0	29669.0	26668.0	33371.0	35338.0	34712.0	28832.0	30862.0	29982.0	34593.0	32438.0	36800.0	35008.0	30580.0	24577.0	29744.0	34103.0	36753.0	33610.0	35112.0	28464.0	30993.0	29670.0	6.499999999999999e-08
66	37700.0	31799.0	32567.0	27026.0	32329.0	32356.0	35526.0	33405.0	29017.0	24304.0	30324.0	35257.0	35839.0	34887.0	32988.0	25456.0	29311.0	30990.0	33668.0	33794.0	30474.0	24665.0	28583.0	32673.0	36629.0	30659.0	34823.0	30155.0	33552.0	29064.0	35687.0	28958.0	30799.0	28432.0	35156.0	33380.0	6.6e-08
67	38743.0	33170.0	33012.0	27572.0	33176.0	33406.0	37281.0	33894.0	35620.0	28722.0	31152.0	29671.0	36868.0	29528.0	34039.0	30897.0	35479.0	31451.0	35504.0	31691.0	34913.0	30931.0	32800.0	29419.0	37243.0	31740.0	30192.0	27311.0	33717.0	35974.0	37183.0	35560.0	31991.0	25166.0	30234.0	34147.0	6.699999999999999e-08
68	35570.0	30387.0	30451.0	24436.0	30578.0	29943.0	34003.0	27336.0	29038.0	26686.0	33283.0	31200.0	33641.0	31033.0	27503.0	22342.0	29521.0	32887.0	31972.0	28732.0	27081.0	25426.0	31051.0	32308.0	33521.0	32351.0	31211.0	23855.0	27245.0	28706.0	33920.0	28639.0	33206.0	27995.0	30676.0	27195.0	6.799999999999999e-08
69	38100.0	33170.0	32860.0	27105.0	33142.0	32851.0	36524.0	35586.0	30878.0	24011.0	29272.0	33878.0	36453.0	33840.0	35089.0	28611.0	31077.0	29222.0	34316.0	34419.0	32557.0	26340.0	29424.0	31144.0	36686.0	29475.0	33928.0	30338.0	35631.0	30796.0	36841.0	30883.0	29894.0	26700.0	34174.0	35652.0	6.9e-08
70	38697.0	32781.0	33151.0	27261.0	33100.0	33183.0	37200.0	31284.0	36077.0	30730.0	34184.0	30303.0	37166.0	29456.0	31245.0	29516.0	35819.0	34245.0	34923.0	30142.0	33253.0	30854.0	35097.0	31413.0	36844.0	34004.0	30126.0	25170.0	31635.0	35726.0	37397.0	35489.0	34231.0	26634.0	30182.0	31786.0	6.999999999999999e-08
71	38330.0	32799.0	33339.0	27414.0	33798.0	33479.0	37458.0	31553.0	30020.0	27356.0	34153.0	35804.0	36943.0	35746.0	31825.0	25184.0	30017.0	33910.0	35140.0	33644.0	30142.0	26604.0	31471.0	34874.0	37384.0	33717.0	35303.0	29145.0	31958.0	30468.0	37530.0	30099.0	33954.0	31193.0	35907.0	31928.0	7.099999999999999e-08
72	38207.0	33162.0	33617.0	27759.0	33781.0	33687.0	37068.0	35688.0	33940.0	26519.0	30942.0	32554.0	36918.0	31541.0	35496.0	30743.0	34339.0	30820.0	34879.0	33159.0	35034.0	29612.0	32015.0	30599.0	36613.0	30549.0	31649.0	29489.0	35990.0	34705.0	37274.0	34157.0	30061.0	26133.0	32532.0	35910.0	7.199999999999998e-08
73	38499.0	32562.0	33440.0	27283.0	33125.0	33252.0	37059.0	30548.0	33699.0	30617.0	35193.0	31750.0	36627.0	32019.0	30369.0	27155.0	33437.0	35159.0	35029.0	30124.0	31389.0	30592.0	34526.0	33040.0	36889.0	35484.0	32078.0	24618.0	29583.0	33176.0	36366.0	33367.0	35340.0	28833.0	31509.0	29514.0	7.299999999999999e-08
74	38359.0	32956.0	33035.0	28145.0	32875.0	33305.0	37241.0	33558.0	30395.0	25785.0	30979.0	34923.0	36914.0	34960.0	33805.0	27633.0	29543.0	31031.0	34249.0	34455.0	31767.0	27226.0	29489.0	32780.0	36816.0	30970.0	35176.0	30694.0	33853.0	29410.0	36362.0	29873.0	31349.0	28831.0	35123.0	33143.0	7.399999999999999e-08
75	37106.0	32849.0	31895.0	25987.0	32088.0	31783.0	36186.0	33188.0	34265.0	28123.0	31186.0	29187.0	35864.0	28653.0	32270.0	29802.0	34733.0	31045.0	34057.0	30097.0	33093.0	30131.0	32260.0	29153.0	35643.0	31054.0	28397.0	26456.0	32867.0	34450.0	35990.0	34481.0	30759.0	24826.0	29127.0	32704.0	7.499999999999998e-08
76	36522.0	32784.0	31440.0	27448.0	32438.0	31925.0	35241.0	29808.0	29655.0	28790.0	33935.0	33664.0	34795.0	32930.0	28460.0	25282.0	30678.0	34921.0	32784.0	30679.0	28657.0	27201.0	31552.0	33617.0	34610.0	34029.0	32917.0	26781.0	29544.0	30370.0	35498.0	29801.0	34146.0	29606.0	33106.0	29264.0	7.599999999999999e-08
77	35006.0	29017.0	30096.0	24207.0	28935.0	30062.0	33170.0	31633.0	29601.0	23053.0	27157.0	29479.0	33560.0	30099.0	32412.0	26327.0	29371.0	26845.0	31343.0	31403.0	31423.0	25410.0	26295.0	27687.0	32591.0	26355.0	28952.0	27714.0	31479.0	28715.0	33408.0	30153.0	26269.0	23635.0	29404.0	31881.0	7.699999999999999e-08
78	35425.0	31218.0	31950.0	26337.0	31464.0	31260.0	34612.0	29301.0	32759.0	29031.0	32988.0	29241.0	34775.0	28570.0	29696.0	27497.0	33321.0	32342.0	33572.0	28873.0	31041.0	29088.0	32548.0	30244.0	34773.0	32481.0	28440.0	24645.0	29404.0	32916.0	34566.0	33217.0	32679.0	26315.0	28933.0	29670.0	7.799999999999998e-08
79	35977.0	31727.0	32057.0	26970.0	32141.0	32027.0	35181.0	30943.0	28462.0	25903.0	30879.0	34143.0	34703.0	33415.0	31547.0	25855.0	28720.0	31320.0	33264.0	32246.0	29456.0	25827.0	29282.0	33088.0	34360.0	31586.0	34298.0	29852.0	32746.0	29417.0	35217.0	29016.0	31482.0	29000.0	34352.0	32421.0	7.899999999999999e-08
80	37695.0	32468.0	32041.0	27777.0	33485.0	33136.0	36081.0	31661.0	34861.0	30055.0	33923.0	30581.0	36121.0	28723.0	31926.0	29785.0	35502.0	33524.0	34322.0	29605.0	33183.0	30764.0	34040.0	31908.0	36110.0	32476.0	30107.0	26264.0	31525.0	36044.0	35888.0	35293.0	33015.0	26707.0	30389.0	32356.0	7.999999999999999e-08
81	36525.0	31723.0	31752.0	27510.0	32113.0	31988.0	34832.0	30316.0	28427.0	26300.0	32125.0	34677.0	35290.0	34054.0	30900.0	25490.0	28789.0	31493.0	33829.0	32286.0	28545.0	25552.0	29520.0	33368.0	34892.0	31841.0	34486.0	28744.0	31199.0	28722.0	35035.0	28417.0	31821.0	30033.0	33815.0	31787.0	8.099999999999998e-08
82	37694.0	32538.0	32793.0	27831.0	32504.0	32562.0	35647.0	33962.0	34048.0	27882.0	30858.0	29735.0	35849.0	30083.0	33849.0	30215.0	34460.0	30410.0	33920.0	31578.0	34019.0	29928.0	32155.0	28614.0	36598.0	30537.0	29845.0	26963.0	34171.0	34393.0	36751.0	34808.0	30697.0	25031.0	29846.0	33799.0	8.199999999999999e-08
83	37775.0	32246.0	32723.0	26512.0	32634.0	32640.0	35978.0	29007.0	31384.0	28625.0	34956.0	33148.0	35628.0	33009.0	29315.0	25421.0	31971.0	34949.0	34042.0	29972.0	28957.0	27586.0	33183.0	34146.0	36091.0	34939.0	32838.0	26276.0	29219.0	31340.0	35887.0	30898.0	34966.0	30154.0	33120.0	29543.0	8.299999999999999e-08
84	37540.0	32259.0	32152.0	26394.0	32211.0	32231.0	36145.0	34810.0	30831.0	24325.0	29085.0	32858.0	35956.0	32732.0	34346.0	27558.0	30679.0	29051.0	33975.0	33633.0	32310.0	26657.0	29089.0	30235.0	36187.0	28606.0	32357.0	29527.0	34496.0	31131.0	35835.0	30643.0	29323.0	25845.0	33044.0	34693.0	8.399999999999998e-08
85	39447.0	33504.0	33665.0	27430.0	34154.0	33623.0	37799.0	31526.0	36190.0	30962.0	34708.0	30595.0	38229.0	31178.0	31669.0	29346.0	35772.0	35226.0	36044.0	29758.0	33562.0	31282.0	35453.0	32190.0	37351.0	34663.0	30676.0	25824.0	31928.0	35770.0	37641.0	35311.0	34801.0	27708.0	30822.0	32041.0	8.5e-08
86	38968.0	32876.0	33085.0	26747.0	34500.0	34639.0	37644.0	31898.0	29683.0	26298.0	34903.0	36810.0	36798.0	35470.0	31988.0	26953.0	31873.0	34615.0	35254.0	33679.0	29534.0	28491.0	31873.0	35400.0	36791.0	33356.0	35468.0	31120.0	33874.0	31783.0	37019.0	30049.0	33168.0	32059.0	36448.0	33930.0	8.599999999999999e-08
87	38409.0	33346.0	33430.0	28807.0	33217.0	33673.0	36694.0	34610.0	34553.0	28185.0	30984.0	31623.0	37603.0	31715.0	35030.0	30825.0	34999.0	31415.0	35573.0	33287.0	34590.0	30524.0	32513.0	30881.0	36867.0	30818.0	30891.0	29188.0	35584.0	34252.0	36535.0	35023.0	30850.0	26934.0	31966.0	35331.0	8.699999999999998e-08
88	38829.0	33831.0	33401.0	28533.0	33458.0	33684.0	37171.0	30924.0	33451.0	30600.0	35631.0	33559.0	37147.0	32785.0	30414.0	26848.0	33401.0	36428.0	35202.0	30365.0	31255.0	30197.0	34127.0	34823.0	37244.0	35232.0	32996.0	27589.0	30683.0	33669.0	37618.0	33535.0	35934.0	30519.0	33305.0	30560.0	8.8e-08
89	39387.0	34696.0	34481.0	29930.0	35009.0	35494.0	38359.0	36209.0	32902.0	27764.0	32480.0	36363.0	38391.0	35465.0	36747.0	30117.0	32964.0	32638.0	36864.0	35875.0	34455.0	28627.0	32091.0	34358.0	38305.0	32585.0	36102.0	32665.0	36841.0	33110.0	38184.0	32994.0	32954.0	29978.0	36569.0	36412.0	8.899999999999999e-08
90	36574.0	32311.0	31752.0	27465.0	32287.0	32421.0	35552.0	31571.0	34168.0	29491.0	32200.0	29533.0	35516.0	29134.0	30684.0	28688.0	34695.0	32012.0	33928.0	29401.0	32188.0	29625.0	33316.0	30090.0	35438.0	31709.0	29432.0	25915.0	31663.0	34111.0	34801.0	34475.0	32345.0	26240.0	29668.0	31719.0	8.999999999999999e-08
91	39120.0	33567.0	33953.0	29461.0	34719.0	32783.0	37292.0	32360.0	31732.0	30025.0	35574.0	34974.0	38059.0	36023.0	32757.0	27754.0	31970.0	33799.0	36336.0	34070.0	31047.0	29255.0	33125.0	34397.0	37715.0	35758.0	36201.0	29881.0	33103.0	30042.0	38008.0	32672.0	35994.0	32443.0	35109.0	30937.0	9.099999999999998e-08
92	38725.0	33780.0	33753.0	28021.0	33732.0	33369.0	37405.0	35846.0	34047.0	26936.0	30378.0	32215.0	37429.0	32279.0	35930.0	30730.0	33891.0	30010.0	35775.0	34013.0	34447.0	29357.0	31790.0	30553.0	37477.0	30182.0	32354.0	29688.0	35952.0	33962.0	37432.0	33608.0	30425.0	25813.0	32530.0	35835.0	9.199999999999999e-08
93	37832.0	32715.0	32906.0	26334.0	33111.0	32773.0	36682.0	29651.0	33863.0	29786.0	35468.0	31364.0	36823.0	31451.0	29631.0	26357.0	34176.0	34936.0	34900.0	29935.0	31038.0	29353.0	34897.0	33190.0	36888.0	35122.0	31620.0	24760.0	29679.0	33837.0	37116.0	33143.0	35257.0	27879.0	31822.0	30078.0	9.299999999999999e-08
94	39299.0	33578.0	33852.0	31124.0	36396.0	36078.0	38002.0	35171.0	33316.0	29530.0	34851.0	37214.0	37332.0	36275.0	36282.0	30306.0	33645.0	35111.0	35655.0	35555.0	34103.0	29774.0	33482.0	35834.0	38099.0	31964.0	37141.0	32997.0	36899.0	33909.0	38045.0	30809.0	34808.0	32558.0	37974.0	36767.0	9.399999999999998e-08
95	38284.0	33731.0	31870.0	26738.0	32973.0	32015.0	36506.0	34067.0	34198.0	28590.0	31961.0	29191.0	37011.0	30606.0	32598.0	28803.0	34608.0	31441.0	35594.0	30942.0	33596.0	29865.0	33044.0	29307.0	37011.0	30811.0	29146.0	26643.0	33201.0	34451.0	37061.0	34444.0	31756.0	25279.0	29717.0	32195.0	9.499999999999999e-08
96	37337.0	32566.0	32675.0	26892.0	32665.0	32682.0	36634.0	30796.0	30145.0	28232.0	34393.0	33634.0	36139.0	34178.0	29217.0	25494.0	31372.0	34558.0	34372.0	31491.0	30067.0	27946.0	32659.0	33775.0	36466.0	33934.0	33761.0	27588.0	30685.0	31073.0	36239.0	30323.0	34131.0	30553.0	33626.0	30016.0	9.599999999999999e-08
97	38012.0	32391.0	32605.0	26725.0	32889.0	33185.0	36273.0	35200.0	32402.0	24810.0	29463.0	34034.0	36452.0	32663.0	35900.0	28476.0	32393.0	31986.0	35048.0	34015.0	34295.0	27792.0	29963.0	32340.0	36355.0	29197.0	32608.0	29940.0	34769.0	33071.0	36920.0	32223.0	29937.0	26197.0	32666.0	35907.0	9.699999999999998e-08
98	39436.0	35273.0	34900.0	29957.0	35056.0	35093.0	38540.0	32879.0	36558.0	32098.0	36792.0	32330.0	38046.0	33424.0	32873.0	30876.0	36481.0	35997.0	36540.0	31865.0	34425.0	32618.0	36419.0	33848.0	38289.0	35721.0	32873.0	28292.0	32786.0	35901.0	38179.0	36290.0	36111.0	30404.0	32561.0	32624.0	9.799999999999999e-08
99	36700.0	32899.0	32416.0	27749.0	32528.0	32827.0	36118.0	31885.0	30198.0	26678.0	31935.0	35042.0	35884.0	34454.0	32409.0	26223.0	29972.0	33157.0	34454.0	33140.0	30819.0	26565.0	30247.0	33520.0	36079.0	31796.0	34867.0	29450.0	32561.0	30271.0	35896.0	29918.0	32692.0	29205.0	34970.0	32257.0	9.899999999999999e-08
100	38183.0	33268.0	32922.0	28325.0	33562.0	33573.0	36680.0	34767.0	34444.0	28496.0	31212.0	31102.0	37206.0	31429.0	34539.0	30904.0	34883.0	30965.0	35116.0	32582.0	34626.0	30600.0	32356.0	30593.0	36760.0	30872.0	30692.0	29151.0	34912.0	34405.0	36280.0	34392.0	31366.0	26788.0	31051.0	34770.0	9.999999999999998e-08
101	38254.0	32691.0	32845.0	28179.0	33506.0	32920.0	36806.0	30006.0	32699.0	30509.0	35724.0	33610.0	37004.0	32624.0	29857.0	26759.0	32688.0	35153.0	35165.0	31021.0	30953.0	29249.0	34005.0	34279.0	36573.0	35183.0	33162.0	27342.0	30702.0	32974.0	36619.0	32947.0	35130.0	30743.0	32908.0	31424.0	1.0099999999999999e-07
102	37139.0	32456.0	32778.0	27643.0	32157.0	32911.0	36247.0	34118.0	31044.0	24570.0	29659.0	33378.0	36109.0	32673.0	34439.0	27332.0	30535.0	29531.0	34206.0	33247.0	31716.0	26855.0	29609.0	30731.0	36039.0	29670.0	33458.0	29519.0	34247.0	30244.0	34999.0	30705.0	29931.0	26882.0	33491.0	34251.0	1.0199999999999999e-07
103	39096.0	33967.0	34235.0	29206.0	33619.0	33521.0	36978.0	32427.0	36213.0	31155.0	34634.0	30552.0	37851.0	30754.0	33847.0	31014.0	36264.0	34337.0	35801.0	31683.0	34797.0	32319.0	35514.0	32096.0	37431.0	34365.0	30602.0	26685.0	33454.0	36130.0	37650.0	35914.0	34266.0	27892.0	31471.0	33644.0	1.0299999999999998e-07
104	37735.0	33224.0	32402.0	27319.0	32006.0	32216.0	37357.0	30962.0	29471.0	26889.0	33337.0	34336.0	36696.0	34984.0	31326.0	25049.0	29548.0	32289.0	35107.0	33220.0	29780.0	25929.0	30729.0	33262.0	36794.0	33815.0	34503.0	28476.0	31187.0	29096.0	35818.0	29975.0	33428.0	30138.0	34584.0	30097.0	1.0399999999999998e-07
105	38283.0	32602.0	32687.0	26926.0	32871.0	32859.0	36686.0	35631.0	33453.0	26530.0	30087.0	31704.0	36532.0	32042.0	35051.0	30292.0	33912.0	29929.0	35298.0	33103.0	34523.0	29199.0	31287.0	29808.0	36666.0	30003.0	31170.0	28876.0	35412.0	33008.0	36607.0	33078.0	29874.0	25507.0	31830.0	34748.0	1.0499999999999999e-07
106	37048.0	31176.0	31526.0	26158.0	31947.0	31591.0	36096.0	28819.0	32536.0	28635.0	33691.0	30049.0	35213.0	30304.0	28495.0	25589.0	32196.0	33868.0	34047.0	28563.0	30169.0	27568.0	32832.0	30992.0	36209.0	33739.0	30291.0	24157.0	28910.0	31979.0	35601.0	31771.0	33891.0	26887.0	30642.0	28477.0	1.0599999999999998e-07
107	38602.0	32886.0	33441.0	27382.0	32991.0	33368.0	36644.0	33990.0	29936.0	25762.0	31770.0	35301.0	37394.0	35415.0	33998.0	26990.0	30995.0	32188.0	35673.0	35118.0	31785.0	26092.0	30563.0	33340.0	36992.0	31145.0	35238.0	30675.0	34376.0	31024.0	37477.0	30547.0	32161.0	29242.0	34990.0	34582.0	1.0699999999999998e-07
108	37837.0	32432.0	32899.0	26610.0	32697.0	32603.0	36551.0	33080.0	35367.0	28181.0	30914.0	29356.0	35893.0	29379.0	32750.0	29987.0	34627.0	31068.0	34481.0	30546.0	33928.0	30374.0	32535.0	29265.0	36298.0	31395.0	29536.0	26411.0	33384.0	34136.0	35896.0	35375.0	31329.0	24952.0	29199.0	32686.0	1.0799999999999999e-07
109	37135.0	32299.0	31982.0	26284.0	32644.0	32870.0	35971.0	29332.0	30520.0	27755.0	33922.0	33963.0	36068.0	33051.0	29817.0	24404.0	30687.0	34461.0	34124.0	30427.0	29262.0	26983.0	31836.0	34781.0	35593.0	33739.0	33234.0	26983.0	30280.0	30570.0	36201.0	30327.0	33639.0	29594.0	33522.0	30071.0	1.0899999999999998e-07
110	37019.0	32795.0	32294.0	27524.0	32635.0	32125.0	35696.0	34517.0	32136.0	25315.0	30222.0	32544.0	36235.0	32463.0	34890.0	28851.0	31621.0	28762.0	33998.0	33782.0	32714.0	27736.0	29618.0	29982.0	35857.0	29906.0	32956.0	29007.0	33972.0	31222.0	36969.0	31837.0	29956.0	26047.0	32157.0	34142.0	1.0999999999999998e-07
111	37620.0	32227.0	32501.0	27712.0	32567.0	32877.0	35870.0	30571.0	33827.0	29847.0	33630.0	30522.0	36466.0	30145.0	30308.0	28330.0	34507.0	33601.0	34493.0	29512.0	32593.0	30411.0	34158.0	31777.0	35546.0	33572.0	30542.0	25010.0	31348.0	34409.0	36520.0	34472.0	34102.0	26737.0	30311.0	30953.0	1.1099999999999999e-07
112	38479.0	33284.0	32934.0	27846.0	32984.0	32977.0	37216.0	32477.0	30131.0	27074.0	33755.0	35687.0	37011.0	35570.0	32170.0	26118.0	30252.0	33034.0	35082.0	33650.0	30121.0	26267.0	31314.0	34279.0	36608.0	33107.0	35593.0	29675.0	32759.0	30415.0	36747.0	30692.0	33338.0	29587.0	36044.0	32769.0	1.1199999999999998e-07
113	38625.0	33451.0	33387.0	28897.0	33889.0	33687.0	37501.0	35359.0	35141.0	28719.0	31872.0	31671.0	37434.0	31480.0	35710.0	31825.0	35174.0	31450.0	35851.0	33109.0	35542.0	30985.0	32714.0	30336.0	37295.0	31280.0	31473.0	28768.0	35441.0	35242.0	37543.0	34872.0	31710.0	26195.0	31585.0	35586.0	1.1299999999999998e-07
114	37980.0	33320.0	32957.0	27608.0	33558.0	33316.0	37252.0	30286.0	32145.0	29848.0	35776.0	32705.0	36548.0	33242.0	29610.0	27259.0	33560.0	34934.0	35330.0	30907.0	30285.0	28424.0	34310.0	33697.0	36991.0	35581.0	32935.0	26636.0	30833.0	33277.0	37248.0	32673.0	35276.0	29915.0	33814.0	29924.0	1.1399999999999999e-07
115	38904.0	33896.0	33606.0	29830.0	34314.0	33772.0	37610.0	35042.0	32364.0	26420.0	31510.0	35479.0	37718.0	35041.0	35630.0	28880.0	31454.0	32290.0	35640.0	35517.0	33739.0	27844.0	30871.0	33661.0	37907.0	31895.0	35203.0	31433.0	35622.0	32610.0	37635.0	32499.0	32633.0	28958.0	35488.0	35364.0	1.1499999999999998e-07
116	36997.0	31296.0	31742.0	26203.0	31913.0	32107.0	36457.0	31002.0	33712.0	28719.0	31720.0	28967.0	35426.0	28520.0	30915.0	28145.0	33973.0	31261.0	33593.0	29267.0	32453.0	29647.0	32434.0	29126.0	36143.0	31536.0	29221.0	24490.0	31514.0	34586.0	35470.0	33841.0	31631.0	24701.0	29040.0	31262.0	1.1599999999999998e-07
117	37855.0	33085.0	32565.0	27856.0	33029.0	33063.0	36450.0	30946.0	30379.0	27686.0	33938.0	34979.0	36857.0	35002.0	31297.0	25636.0	29962.0	34302.0	35211.0	32855.0	29769.0	26586.0	31840.0	34356.0	36634.0	33766.0	34080.0	28013.0	30905.0	30634.0	36618.0	30346.0	33779.0	30307.0	34724.0	31158.0	1.1699999999999999e-07
118	38703.0	33557.0	34123.0	28065.0	34252.0	35137.0	37405.0	36188.0	34031.0	27191.0	30743.0	34835.0	37529.0	33448.0	36101.0	30352.0	34507.0	32730.0	36201.0	33945.0	34884.0	29277.0	33616.0	33070.0	37559.0	31628.0	33105.0	30179.0	37138.0	35235.0	37280.0	33992.0	31188.0	27113.0	34981.0	36744.0	1.1799999999999998e-07
119	36322.0	31647.0	32020.0	25821.0	31288.0	31405.0	35082.0	28863.0	33037.0	28311.0	33563.0	30544.0	35496.0	29553.0	29271.0	26604.0	32981.0	33303.0	33913.0	28796.0	30521.0	28061.0	33641.0	31299.0	34859.0	33275.0	30257.0	25249.0	30200.0	32922.0	34919.0	32894.0	33204.0	27659.0	30435.0	29670.0	1.1899999999999998e-07
120	36757.0	32516.0	31532.0	26585.0	32218.0	32407.0	35955.0	32010.0	28885.0	25466.0	31254.0	34035.0	35699.0	33390.0	31812.0	25812.0	29239.0	31070.0	34187.0	33247.0	29923.0	25704.0	30057.0	32553.0	35248.0	32020.0	33425.0	28348.0	32088.0	28966.0	35573.0	29218.0	30752.0	28339.0	33551.0	31883.0	1.2e-07
121	38023.0	33517.0	33436.0	27979.0	33219.0	33738.0	36911.0	34526.0	35039.0	29160.0	32191.0	31324.0	36841.0	31225.0	34510.0	30034.0	34892.0	31240.0	35226.0	31918.0	34423.0	30641.0	33560.0	30369.0	36986.0	32464.0	30309.0	28845.0	34028.0	34846.0	36832.0	35195.0	31061.0	27020.0	31867.0	34408.0	1.2099999999999998e-07
122	36953.0	31839.0	32439.0	26321.0	32969.0	32292.0	35320.0	29636.0	31520.0	28470.0	33606.0	31487.0	35591.0	32247.0	29818.0	25088.0	31410.0	33733.0	33926.0	30080.0	29272.0	28171.0	32605.0	32873.0	35115.0	33870.0	31909.0	26745.0	30226.0	30393.0	34958.0	30239.0	33776.0	29908.0	32110.0	29184.0	1.2199999999999998e-07
123	39804.0	35077.0	35252.0	28359.0	35007.0	35035.0	38584.0	36783.0	33671.0	27009.0	32310.0	35524.0	38474.0	35330.0	36690.0	29624.0	34227.0	33137.0	36631.0	36067.0	35310.0	28584.0	32951.0	33507.0	38248.0	32898.0	34986.0	31357.0	37284.0	34032.0	37989.0	34110.0	32561.0	28091.0	35663.0	37118.0	1.2299999999999998e-07
124	36842.0	31591.0	32259.0	26079.0	32290.0	32138.0	35869.0	30444.0	33760.0	28862.0	32577.0	29043.0	35366.0	29506.0	30492.0	27654.0	33932.0	32908.0	34330.0	28979.0	31875.0	29711.0	33583.0	30575.0	35862.0	32716.0	29809.0	24952.0	31002.0	33668.0	35748.0	33616.0	32943.0	26606.0	30384.0	30865.0	1.2399999999999997e-07
125	38662.0	33466.0	34603.0	29051.0	33621.0	33662.0	37954.0	33917.0	31704.0	28044.0	34194.0	35720.0	37214.0	35900.0	32702.0	27293.0	31125.0	33810.0	36260.0	34808.0	31665.0	27931.0	31936.0	34301.0	37742.0	33773.0	35991.0	30092.0	32456.0	31098.0	37574.0	31024.0	34527.0	30615.0	35365.0	32852.0	1.25e-07
126	38921.0	33532.0	33334.0	28378.0	33094.0	33783.0	37648.0	35601.0	34609.0	27934.0	30519.0	33313.0	37194.0	32559.0	35468.0	30531.0	34581.0	32184.0	35914.0	33534.0	34668.0	30013.0	32425.0	31771.0	37550.0	31523.0	32455.0	29585.0	34618.0	34983.0	36714.0	34303.0	31433.0	26374.0	31730.0	35970.0	1.26e-07
127	36159.0	31150.0	31089.0	24974.0	31266.0	32218.0	34655.0	28732.0	30661.0	27433.0	33268.0	30718.0	35345.0	29982.0	28237.0	25181.0	31791.0	33446.0	33711.0	28331.0	29104.0	27227.0	32091.0	31882.0	34750.0	32634.0	30718.0	23767.0	28473.0	31538.0	35347.0	30618.0	33366.0	27747.0	31148.0	28800.0	1.2699999999999999e-07
128	38531.0	33371.0	33854.0	29921.0	34903.0	34389.0	37140.0	34708.0	32377.0	27729.0	33165.0	35893.0	36881.0	35463.0	35193.0	29489.0	32604.0	32352.0	36117.0	35042.0	33605.0	29431.0	32012.0	33712.0	36927.0	32824.0	35551.0	31750.0	35427.0	32421.0	37551.0	32643.0	33263.0	29527.0	35294.0	35946.0	1.2799999999999998e-07
129	36716.0	31775.0	31465.0	26180.0	31883.0	31496.0	36030.0	31392.0	33791.0	27593.0	31952.0	29307.0	35654.0	28669.0	31773.0	28209.0	33981.0	31455.0	33706.0	29773.0	32377.0	29090.0	32141.0	29704.0	35712.0	31469.0	29373.0	25285.0	31920.0	33308.0	35912.0	33629.0	30811.0	24594.0	29239.0	31663.0	1.2899999999999998e-07
130	37440.0	32131.0	32053.0	26675.0	32290.0	32392.0	36020.0	30227.0	30347.0	27443.0	33655.0	33112.0	36337.0	33201.0	30386.0	24957.0	30702.0	33739.0	34619.0	31160.0	29875.0	26270.0	32105.0	33284.0	36340.0	33625.0	33633.0	26817.0	29865.0	29976.0	36192.0	30624.0	33911.0	29399.0	33644.0	30277.0	1.2999999999999997e-07
131	38439.0	33322.0	33254.0	27950.0	32964.0	33087.0	37350.0	35279.0	33016.0	26305.0	30556.0	33323.0	36861.0	33202.0	35496.0	28869.0	32313.0	30667.0	35199.0	33751.0	33811.0	28112.0	30697.0	31457.0	37205.0	30575.0	33141.0	29823.0	35197.0	33525.0	37410.0	32422.0	31006.0	26611.0	33552.0	35924.0	1.3099999999999997e-07
132	37299.0	31870.0	31748.0	26430.0	31537.0	31610.0	36509.0	30893.0	34053.0	29059.0	33049.0	29693.0	36437.0	31328.0	30172.0	26969.0	33300.0	33252.0	35374.0	29706.0	31829.0	29020.0	33531.0	30920.0	36342.0	32703.0	29306.0	25273.0	30800.0	32906.0	36610.0	32762.0	32966.0	27355.0	30304.0	30267.0	1.32e-07
133	37393.0	32043.0	32204.0	26619.0	32754.0	32405.0	35932.0	31658.0	29588.0	25984.0	31923.0	33587.0	35953.0	34120.0	32495.0	25310.0	29816.0	32380.0	34295.0	32972.0	29918.0	25043.0	30319.0	33204.0	36064.0	31377.0	33804.0	27936.0	31620.0	30007.0	35676.0	29989.0	31835.0	29157.0	33948.0	31938.0	1.3299999999999999e-07
134	36903.0	32899.0	32637.0	27345.0	32651.0	32599.0	36220.0	33646.0	34183.0	28071.0	31090.0	30054.0	36537.0	30668.0	33628.0	30138.0	33872.0	31102.0	35154.0	31865.0	34099.0	29639.0	31726.0	30239.0	35858.0	30945.0	30523.0	27284.0	33921.0	33588.0	36047.0	34557.0	31065.0	25547.0	30423.0	33194.0	1.3399999999999998e-07
135	39476.0	34513.0	34120.0	28765.0	34196.0	34632.0	38315.0	32335.0	33959.0	30550.0	35955.0	34353.0	37939.0	34393.0	32184.0	27262.0	33918.0	35656.0	36663.0	32584.0	31948.0	29182.0	35540.0	34727.0	38213.0	36123.0	34143.0	27504.0	32659.0	33299.0	38075.0	33650.0	36065.0	30032.0	34531.0	31352.0	1.3499999999999998e-07
136	38608.0	32948.0	33959.0	28075.0	33529.0	32968.0	37782.0	35158.0	32226.0	25796.0	31823.0	34619.0	37574.0	34379.0	35604.0	27992.0	31645.0	31758.0	36115.0	34664.0	33020.0	27070.0	30580.0	33076.0	37259.0	31332.0	33859.0	29897.0	34797.0	31331.0	37184.0	32382.0	31403.0	28903.0	33749.0	34607.0	1.3599999999999997e-07
137	38122.0	32441.0	32693.0	27819.0	32930.0	32936.0	37755.0	32000.0	35081.0	29867.0	33864.0	30780.0	36900.0	30449.0	32839.0	30091.0	35231.0	33327.0	35601.0	30439.0	33838.0	30958.0	34000.0	30897.0	37161.0	33122.0	30488.0	26441.0	32698.0	34504.0	36517.0	35263.0	32641.0	26733.0	30671.0	32906.0	1.3699999999999997e-07
138	37295.0	32230.0	31926.0	26353.0	31895.0	31988.0	36531.0	31171.0	30094.0	26584.0	32902.0	32944.0	36831.0	33621.0	30699.0	24976.0	29817.0	32399.0	35833.0	32173.0	29795.0	25791.0	30581.0	32938.0	36337.0	32543.0	33142.0	27108.0	30145.0	29975.0	36725.0	29707.0	32892.0	28655.0	32967.0	30436.0	1.38e-07
139	38449.0	33460.0	33149.0	27777.0	33407.0	33462.0	37322.0	35119.0	33459.0	27144.0	31041.0	32779.0	37537.0	32413.0	35312.0	30011.0	33395.0	31105.0	36750.0	33496.0	34585.0	29500.0	32044.0	31499.0	37359.0	31063.0	32748.0	29371.0	35044.0	33426.0	37136.0	33557.0	31065.0	26504.0	33233.0	35565.0	1.39e-07
140	37347.0	32830.0	32873.0	27503.0	33526.0	32857.0	36671.0	30884.0	33185.0	29355.0	34515.0	31495.0	37144.0	31462.0	30734.0	27885.0	33819.0	34444.0	36116.0	30638.0	31863.0	29522.0	34913.0	32687.0	37246.0	34357.0	31390.0	26279.0	31248.0	33766.0	36821.0	33522.0	33902.0	28542.0	31265.0	30919.0	1.3999999999999998e-07
141	38830.0	33267.0	34026.0	27544.0	33478.0	33375.0	37627.0	34365.0	32166.0	26631.0	33152.0	34978.0	37850.0	35864.0	34030.0	27082.0	31155.0	32422.0	36825.0	35404.0	32377.0	27238.0	32221.0	33620.0	37630.0	32900.0	35284.0	30401.0	34119.0	31053.0	37818.0	32413.0	32773.0	29404.0	35102.0	34017.0	1.4099999999999998e-07
142	38283.0	32784.0	32879.0	27956.0	32657.0	32821.0	37084.0	33248.0	35208.0	28209.0	31889.0	31336.0	37463.0	30992.0	33810.0	29873.0	34884.0	32677.0	36152.0	31591.0	34602.0	29886.0	33159.0	31143.0	37218.0	31816.0	31180.0	27468.0	33861.0	34826.0	37272.0	34344.0	32001.0	25936.0	30785.0	33864.0	1.4199999999999997e-07
143	37494.0	32741.0	33047.0	27808.0	32832.0	33278.0	37355.0	30513.0	32617.0	28792.0	34803.0	33689.0	37203.0	33352.0	31364.0	26108.0	32068.0	34411.0	35529.0	32301.0	31409.0	27766.0	33580.0	33758.0	36821.0	34801.0	34127.0	27048.0	31225.0	32312.0	36869.0	32439.0	34926.0	29653.0	33626.0	30617.0	1.4299999999999997e-07
144	37137.0	32457.0	33011.0	26782.0	32658.0	32619.0	36489.0	34171.0	31789.0	25648.0	30733.0	33655.0	37020.0	33317.0	34254.0	27978.0	31531.0	30931.0	35939.0	34373.0	32803.0	27205.0	30499.0	31522.0	36620.0	30454.0	33678.0	29695.0	34347.0	31498.0	36570.0	31742.0	30670.0	26762.0	33301.0	34413.0	1.4399999999999997e-07
145	38781.0	35030.0	35319.0	30685.0	35111.0	35293.0	38762.0	34016.0	36521.0	31721.0	35172.0	33704.0	38099.0	32690.0	34055.0	31478.0	36607.0	35416.0	37437.0	32869.0	34834.0	32137.0	36449.0	34236.0	38504.0	35201.0	33258.0	29410.0	34542.0	36281.0	38402.0	36369.0	35512.0	29676.0	32796.0	34251.0	1.45e-07
146	38253.0	34537.0	34551.0	30152.0	34406.0	34636.0	37773.0	33724.0	33139.0	30276.0	35196.0	35748.0	38054.0	35756.0	34042.0	29228.0	32900.0	35038.0	37196.0	34738.0	33045.0	29449.0	33849.0	35008.0	38004.0	34418.0	36015.0	30639.0	33619.0	32426.0	37856.0	32728.0	35318.0	31498.0	35981.0	33674.0	1.4599999999999998e-07
147	37351.0	33323.0	33007.0	29442.0	31618.0	31388.0	36931.0	34448.0	33650.0	28336.0	30602.0	30887.0	36757.0	32422.0	34596.0	29008.0	32128.0	29577.0	35874.0	32878.0	33645.0	27870.0	31025.0	30064.0	36811.0	31954.0	32675.0	27619.0	33624.0	32244.0	36622.0	33440.0	31708.0	25352.0	30661.0	33010.0	1.4699999999999998e-07
148	37321.0	32088.0	32716.0	27196.0	32278.0	32444.0	36021.0	30524.0	33180.0	29345.0	34747.0	31835.0	36650.0	31812.0	30784.0	27071.0	32991.0	34317.0	35734.0	30353.0	31844.0	28315.0	33507.0	33165.0	35848.0	34019.0	31910.0	26060.0	30858.0	33296.0	36315.0	32540.0	33851.0	28043.0	32406.0	31079.0	1.4799999999999998e-07
149	38471.0	33666.0	34106.0	29091.0	33775.0	33608.0	37372.0	35023.0	32846.0	28242.0	33050.0	35869.0	37661.0	35687.0	35385.0	28576.0	33309.0	32754.0	36895.0	35468.0	33193.0	28715.0	32967.0	33906.0	38119.0	33368.0	35680.0	30261.0	34764.0	32416.0	37346.0	31930.0	33302.0	29757.0	35582.0	34553.0	1.4899999999999997e-07
150	37731.0	33143.0	33619.0	28509.0	33418.0	33343.0	36806.0	33977.0	34296.0	29272.0	32520.0	31887.0	37605.0	32083.0	33950.0	29685.0	34415.0	32746.0	36267.0	32009.0	34849.0	29895.0	33955.0	31530.0	36887.0	32296.0	31325.0	28431.0	33635.0	35236.0	36795.0	34136.0	33077.0	26878.0	31713.0	33510.0	1.4999999999999997e-07
151	37359.0	31878.0	32285.0	27982.0	32785.0	32606.0	35946.0	31172.0	31090.0	28521.0	34035.0	33991.0	36477.0	33045.0	31544.0	25990.0	31526.0	34335.0	35572.0	31552.0	30728.0	28191.0	32979.0	33898.0	36215.0	34249.0	32726.0	27741.0	31204.0	32205.0	36407.0	31814.0	33981.0	29383.0	33932.0	31691.0	1.51e-07
152	37544.0	33670.0	33177.0	27783.0	32741.0	33025.0	36655.0	34376.0	32412.0	26412.0	30539.0	32783.0	36519.0	32826.0	34471.0	28383.0	32378.0	31525.0	35693.0	33804.0	33741.0	27951.0	31220.0	31402.0	36520.0	30756.0	32914.0	29370.0	34747.0	31773.0	37018.0	32755.0	31066.0	26489.0	33243.0	34533.0	1.5199999999999998e-07
153	39361.0	35020.0	35154.0	30917.0	34978.0	34990.0	38763.0	34562.0	36240.0	31983.0	35022.0	33718.0	38763.0	33547.0	34162.0	31872.0	35810.0	35622.0	38394.0	33718.0	35329.0	31946.0	35459.0	34479.0	38975.0	35831.0	33884.0	29122.0	34288.0	36231.0	38606.0	36502.0	35735.0	29840.0	33240.0	34010.0	1.5299999999999998e-07
154	35324.0	30909.0	30919.0	26702.0	31360.0	31022.0	34969.0	30347.0	29957.0	26459.0	31601.0	32532.0	34875.0	32436.0	30726.0	24904.0	29775.0	31855.0	34493.0	31551.0	30354.0	26251.0	30994.0	31969.0	34902.0	31321.0	33052.0	27517.0	31462.0	29444.0	34971.0	29133.0	31333.0	28214.0	32078.0	31034.0	1.5399999999999998e-07
155	36772.0	33014.0	32520.0	28213.0	32613.0	32759.0	36552.0	34432.0	34009.0	28422.0	32104.0	32310.0	36564.0	32034.0	34379.0	30459.0	33448.0	31484.0	35774.0	32903.0	33961.0	30061.0	31802.0	31387.0	36658.0	30871.0	32002.0	29797.0	34261.0	33425.0	35524.0	33847.0	31080.0	26921.0	31906.0	34157.0	1.5499999999999997e-07
156	35689.0	30872.0	30804.0	25893.0	31189.0	30860.0	34315.0	29371.0	31424.0	27722.0	32541.0	30973.0	34818.0	30571.0	29744.0	25568.0	31051.0	32544.0	34297.0	29633.0	29867.0	27065.0	32117.0	31388.0	34474.0	32657.0	30562.0	25505.0	29273.0	31453.0	35014.0	31370.0	32450.0	26893.0	30417.0	29026.0	1.5599999999999997e-07
157	37676.0	33802.0	33846.0	28819.0	33033.0	33184.0	37465.0	34483.0	32742.0	27378.0	32558.0	34977.0	37519.0	35026.0	34862.0	28470.0	31910.0	32305.0	36415.0	34020.0	32995.0	27743.0	31463.0	33409.0	37663.0	32354.0	34669.0	30358.0	34013.0	32008.0	37935.0	31511.0	32436.0	29195.0	34527.0	34259.0	1.57e-07
158	36998.0	33038.0	32165.0	27896.0	33049.0	32760.0	36903.0	32455.0	33833.0	28350.0	32083.0	31230.0	36557.0	31226.0	32474.0	29219.0	34076.0	32203.0	35833.0	31373.0	33606.0	29459.0	33444.0	30710.0	36912.0	32059.0	30967.0	26489.0	32807.0	34069.0	36624.0	34159.0	32368.0	26583.0	31523.0	32603.0	1.5799999999999999e-07
159	36144.0	31870.0	31831.0	27084.0	32446.0	31596.0	36635.0	31057.0	31312.0	27835.0	33159.0	32820.0	35974.0	33358.0	30724.0	26152.0	31032.0	32812.0	35369.0	32284.0	29986.0	26547.0	32222.0	33429.0	36016.0	33543.0	32700.0	26753.0	30650.0	31037.0	35950.0	31512.0	33416.0	28794.0	32937.0	30403.0	1.5899999999999998e-07
160	37952.0	33586.0	33361.0	28289.0	33587.0	33536.0	36610.0	34687.0	32890.0	27027.0	31678.0	33380.0	37003.0	33892.0	34851.0	29620.0	33414.0	31222.0	35639.0	33749.0	34018.0	28700.0	31552.0	31953.0	37085.0	31196.0	33765.0	30114.0	34837.0	33150.0	36889.0	33015.0	32099.0	28120.0	33125.0	34622.0	1.5999999999999998e-07
161	36173.0	32643.0	31799.0	27049.0	32481.0	32594.0	36183.0	31745.0	33307.0	29072.0	33301.0	30698.0	35976.0	31093.0	31337.0	27815.0	33486.0	32827.0	34924.0	30805.0	32073.0	28907.0	33648.0	32412.0	36336.0	32862.0	31409.0	25702.0	31559.0	33244.0	35807.0	32916.0	33835.0	27071.0	31271.0	30975.0	1.6099999999999997e-07
162	37051.0	32705.0	32925.0	27448.0	33006.0	32672.0	36412.0	32322.0	30473.0	26977.0	32536.0	34102.0	36248.0	34101.0	32103.0	26531.0	30368.0	32202.0	35710.0	32988.0	30768.0	27097.0	30726.0	33146.0	36330.0	32623.0	34202.0	28852.0	32657.0	30240.0	36231.0	31400.0	32475.0	28452.0	34516.0	32824.0	1.6199999999999997e-07
163	37701.0	32801.0	33784.0	27455.0	33010.0	33427.0	37386.0	33891.0	34219.0	27927.0	31950.0	32407.0	37049.0	32202.0	34017.0	29826.0	34376.0	32186.0	36486.0	32946.0	34597.0	29389.0	32495.0	31849.0	37074.0	31819.0	31419.0	28061.0	34282.0	34529.0	36525.0	33712.0	30969.0	26823.0	32179.0	33964.0	1.6299999999999996e-07
164	37849.0	33172.0	33268.0	27694.0	33365.0	33375.0	36477.0	31017.0	33167.0	29689.0	34664.0	33032.0	37275.0	32940.0	32139.0	27077.0	33579.0	34592.0	35929.0	31561.0	31897.0	28115.0	33848.0	33695.0	36861.0	34550.0	32838.0	27016.0	31470.0	33334.0	36465.0	32908.0	34978.0	28879.0	33270.0	31004.0	1.6399999999999999e-07
165	37687.0	34001.0	34503.0	28655.0	34124.0	34297.0	37547.0	34615.0	33442.0	27344.0	32591.0	35123.0	37194.0	35328.0	35037.0	29009.0	32896.0	32670.0	36417.0	34685.0	33912.0	27975.0	32421.0	33625.0	37872.0	32578.0	34803.0	30390.0	35298.0	33016.0	37785.0	33116.0	32628.0	28862.0	35085.0	35054.0	1.6499999999999998e-07
166	37502.0	33866.0	33725.0	29562.0	33885.0	33036.0	36545.0	34167.0	35092.0	30639.0	33903.0	31548.0	36748.0	32493.0	33327.0	30776.0	34942.0	33575.0	36159.0	32853.0	34285.0	31167.0	34373.0	32080.0	37285.0	34236.0	31895.0	28053.0	32900.0	34388.0	37000.0	34474.0	34022.0	28817.0	32511.0	32470.0	1.6599999999999998e-07
167	38557.0	34435.0	34718.0	30315.0	34083.0	34697.0	37357.0	33329.0	33168.0	30698.0	35278.0	35604.0	37853.0	35538.0	33330.0	29399.0	33366.0	35813.0	37001.0	34134.0	32815.0	29859.0	34509.0	35678.0	38008.0	35124.0	35050.0	30207.0	33604.0	33186.0	37637.0	32831.0	34988.0	31762.0	35468.0	34215.0	1.6699999999999997e-07
168	35858.0	33003.0	32656.0	28636.0	32580.0	32788.0	35065.0	33599.0	32799.0	28169.0	31505.0	31816.0	35432.0	32292.0	33793.0	30040.0	32547.0	31290.0	34859.0	33136.0	33506.0	28821.0	31636.0	32191.0	35724.0	31148.0	32600.0	29627.0	33971.0	32753.0	36164.0	32171.0	31443.0	28228.0	32683.0	34121.0	1.6799999999999997e-07
169	36874.0	32448.0	33255.0	28380.0	33275.0	33175.0	36131.0	31882.0	33954.0	29986.0	33895.0	31832.0	36309.0	32064.0	32348.0	28628.0	33772.0	33559.0	35924.0	31405.0	32992.0	29869.0	33154.0	32571.0	36052.0	33571.0	31962.0	27740.0	32128.0	34214.0	35544.0	33851.0	34280.0	28919.0	31939.0	32188.0	1.6899999999999996e-07
170	37374.0	33334.0	33606.0	28669.0	32129.0	32328.0	36531.0	33173.0	31664.0	27584.0	32898.0	33395.0	36603.0	34134.0	33181.0	27727.0	31399.0	32525.0	35518.0	33615.0	32119.0	27916.0	31752.0	33106.0	36809.0	32945.0	33954.0	28966.0	33994.0	31150.0	36556.0	31449.0	33289.0	29668.0	34514.0	32510.0	1.7e-07
171	36352.0	33417.0	33188.0	29380.0	33828.0	32902.0	36273.0	34001.0	34383.0	29550.0	31893.0	31748.0	36569.0	32328.0	33971.0	30756.0	34124.0	31987.0	35785.0	32819.0	34094.0	30528.0	32670.0	31756.0	36504.0	31817.0	32320.0	29294.0	33997.0	33903.0	36566.0	33595.0	32642.0	27720.0	31846.0	34289.0	1.7099999999999998e-07
172	35562.0	31673.0	32100.0	28199.0	32430.0	33005.0	34478.0	30140.0	32066.0	29179.0	33397.0	32144.0	35029.0	32007.0	30970.0	27698.0	32334.0	33616.0	34459.0	30706.0	31377.0	28067.0	32937.0	33016.0	35067.0	33160.0	32142.0	27221.0	30995.0	31633.0	34663.0	31440.0	33218.0	28952.0	32405.0	31147.0	1.7199999999999998e-07
173	38654.0	35048.0	34753.0	30737.0	35079.0	34654.0	37813.0	35636.0	34179.0	29570.0	34101.0	35380.0	38114.0	35564.0	35632.0	30680.0	33986.0	33400.0	37583.0	35762.0	34397.0	29995.0	33226.0	34294.0	38309.0	33613.0	35487.0	31903.0	35798.0	33525.0	38105.0	34027.0	34111.0	30971.0	35539.0	35593.0	1.7299999999999997e-07
174	37571.0	33774.0	33280.0	29303.0	33804.0	33458.0	36685.0	33744.0	34614.0	30602.0	33848.0	32456.0	36870.0	32481.0	32902.0	30049.0	35062.0	34366.0	36351.0	32872.0	34364.0	30885.0	35132.0	33177.0	37398.0	33828.0	32605.0	28640.0	33630.0	35395.0	37281.0	34228.0	33859.0	28594.0	32905.0	33892.0	1.7399999999999997e-07
175	36653.0	33101.0	32637.0	28660.0	32652.0	32795.0	35962.0	31473.0	31707.0	28428.0	33400.0	33982.0	35862.0	33624.0	31874.0	27668.0	31922.0	33385.0	35565.0	32416.0	31238.0	28270.0	32442.0	33413.0	36395.0	33825.0	33832.0	28903.0	32389.0	31716.0	35930.0	31785.0	33322.0	29188.0	33668.0	32422.0	1.7499999999999997e-07
176	37061.0	33721.0	33876.0	29016.0	33376.0	34670.0	36901.0	34749.0	33975.0	28937.0	31585.0	33414.0	36531.0	33602.0	34670.0	30334.0	34035.0	32324.0	36203.0	34580.0	34381.0	30330.0	33194.0	32359.0	36269.0	32553.0	33107.0	30533.0	34795.0	33580.0	36531.0	34127.0	32182.0	28135.0	33728.0	34786.0	1.76e-07
177	37745.0	33322.0	33470.0	29527.0	34014.0	33866.0	36776.0	32626.0	33347.0	30316.0	34261.0	32448.0	36439.0	32386.0	32200.0	29365.0	33827.0	34409.0	36267.0	31904.0	33327.0	30456.0	34063.0	33945.0	36675.0	34039.0	32799.0	28701.0	32611.0	34100.0	36992.0	33747.0	34543.0	29392.0	33119.0	31961.0	1.7699999999999998e-07
178	36937.0	32862.0	32097.0	28926.0	33343.0	33059.0	36343.0	32480.0	31452.0	28628.0	32832.0	34539.0	36171.0	33854.0	33043.0	29205.0	31471.0	33016.0	35747.0	33594.0	32767.0	28190.0	30961.0	33528.0	35860.0	32204.0	35013.0	31014.0	32915.0	31363.0	36156.0	31557.0	32857.0	29856.0	33401.0	32756.0	1.7799999999999998e-07
179	35040.0	31620.0	30975.0	27084.0	31365.0	30801.0	34496.0	31642.0	32101.0	27263.0	30391.0	29480.0	34491.0	30694.0	32194.0	27833.0	32241.0	30291.0	34296.0	31331.0	32148.0	28381.0	30841.0	29101.0	34755.0	30761.0	30118.0	26523.0	31481.0	31914.0	34846.0	32484.0	30648.0	24988.0	30242.0	31814.0	1.7899999999999997e-07
180	35959.0	32815.0	32574.0	28402.0	32872.0	32267.0	35583.0	31428.0	32018.0	29541.0	33632.0	33379.0	35127.0	32408.0	31414.0	27608.0	32699.0	34068.0	34287.0	31599.0	31559.0	28762.0	32958.0	33227.0	35323.0	32999.0	32995.0	27872.0	31428.0	32157.0	35780.0	31835.0	33380.0	29525.0	33091.0	30914.0	1.7999999999999997e-07
181	37494.0	33174.0	34206.0	29833.0	33193.0	33752.0	36967.0	34152.0	32872.0	28361.0	32465.0	34550.0	37282.0	33102.0	35024.0	29242.0	32736.0	32352.0	36640.0	34257.0	33983.0	29665.0	32701.0	33308.0	36857.0	32338.0	34054.0	31390.0	34460.0	33319.0	37029.0	33281.0	32447.0	29340.0	34142.0	34696.0	1.8099999999999997e-07
182	36549.0	31663.0	32332.0	27093.0	31906.0	32007.0	35882.0	31185.0	33505.0	28367.0	32334.0	30381.0	35582.0	30767.0	31156.0	28419.0	32948.0	31830.0	35155.0	30827.0	31689.0	28866.0	32436.0	31524.0	35802.0	32446.0	30586.0	26667.0	31600.0	33085.0	35381.0	33144.0	32144.0	26134.0	30454.0	31817.0	1.8199999999999996e-07
183	37147.0	33528.0	32618.0	28308.0	33171.0	33549.0	36608.0	32298.0	31477.0	28813.0	33389.0	34380.0	36611.0	34299.0	32725.0	27447.0	31548.0	33806.0	35769.0	33235.0	31775.0	27794.0	32262.0	34104.0	36149.0	33063.0	34320.0	29065.0	32589.0	32150.0	36628.0	31294.0	33339.0	30156.0	34475.0	32478.0	1.8299999999999998e-07
184	36978.0	33493.0	32812.0	28475.0	33342.0	33534.0	37046.0	34842.0	33896.0	28388.0	32057.0	32958.0	37244.0	32966.0	34585.0	29574.0	33300.0	32254.0	36360.0	33794.0	34452.0	29295.0	32747.0	32062.0	37003.0	32103.0	33096.0	29713.0	34231.0	33594.0	37464.0	33816.0	31782.0	28134.0	32635.0	34502.0	1.8399999999999998e-07
185	38101.0	34458.0	34853.0	29941.0	34611.0	34601.0	37793.0	32955.0	35374.0	31311.0	35869.0	34435.0	37496.0	33906.0	33253.0	29224.0	35415.0	35242.0	36948.0	33283.0	34411.0	31012.0	35089.0	34256.0	37867.0	35156.0	34387.0	29388.0	33399.0	33980.0	37614.0	35002.0	35818.0	30613.0	33615.0	32846.0	1.8499999999999998e-07
186	37012.0	32253.0	32786.0	27170.0	32773.0	33225.0	35967.0	33101.0	32032.0	26583.0	31946.0	33755.0	35780.0	33106.0	33511.0	27827.0	31409.0	31885.0	35147.0	32940.0	32085.0	27242.0	31335.0	32451.0	35711.0	32221.0	33579.0	28988.0	33377.0	31550.0	35603.0	31577.0	31785.0	28085.0	33634.0	33335.0	1.8599999999999997e-07
187	37124.0	32443.0	32646.0	27767.0	33300.0	32748.0	36405.0	33384.0	33932.0	28258.0	32772.0	31640.0	36518.0	32247.0	33348.0	29741.0	33840.0	32885.0	35854.0	32794.0	33599.0	29451.0	32694.0	32659.0	36265.0	33193.0	31590.0	27393.0	33231.0	33976.0	36359.0	33824.0	32375.0	27444.0	31716.0	33616.0	1.8699999999999997e-07
188	36976.0	33397.0	33550.0	28959.0	33831.0	33372.0	36259.0	31770.0	32466.0	29695.0	34173.0	33890.0	35878.0	33765.0	33162.0	28625.0	33196.0	34788.0	35547.0	32976.0	32512.0	29163.0	33527.0	34567.0	36382.0	34118.0	34202.0	29537.0	32926.0	33317.0	36651.0	32768.0	34418.0	30666.0	33853.0	32701.0	1.8799999999999996e-07
189	35003.0	31331.0	31158.0	27277.0	31360.0	31932.0	34731.0	32399.0	30720.0	26648.0	30851.0	31899.0	34703.0	31702.0	32538.0	28064.0	31164.0	30453.0	33622.0	31874.0	31419.0	27565.0	30948.0	30806.0	34601.0	30333.0	31518.0	28617.0	32700.0	30456.0	34399.0	30621.0	30586.0	27574.0	32252.0	32068.0	1.8899999999999999e-07
190	33600.0	29932.0	30120.0	24963.0	30794.0	30103.0	33237.0	29269.0	30883.0	26057.0	30027.0	28963.0	33455.0	28649.0	29074.0	25723.0	31072.0	30322.0	33193.0	28772.0	29523.0	26671.0	30868.0	29950.0	34020.0	30855.0	28864.0	24620.0	29410.0	30809.0	33276.0	31362.0	30595.0	25193.0	28942.0	29977.0	1.8999999999999998e-07
191	36929.0	32437.0	32287.0	27950.0	33128.0	32927.0	36682.0	31951.0	31515.0	28132.0	33782.0	33864.0	36431.0	33340.0	32407.0	27113.0	31862.0	33060.0	35605.0	32821.0	32259.0	28149.0	32363.0	33685.0	36225.0	33582.0	33847.0	28190.0	32805.0	32155.0	36471.0	32078.0	33068.0	28943.0	33754.0	32552.0	1.9099999999999998e-07
192	36955.0	32549.0	33730.0	29278.0	33664.0	33305.0	36256.0	33857.0	33503.0	29519.0	32081.0	32592.0	36809.0	32394.0	34329.0	29153.0	33416.0	32815.0	36002.0	33692.0	34286.0	28936.0	32688.0	32834.0	36453.0	32347.0	33551.0	29446.0	34610.0	34593.0	36694.0	33355.0	32468.0	27294.0	33484.0	35116.0	1.9199999999999997e-07
193	38333.0	33567.0	34289.0	28980.0	34488.0	34316.0	37269.0	32376.0	34447.0	30449.0	35200.0	33731.0	37651.0	33258.0	32802.0	28894.0	34407.0	34737.0	37316.0	32502.0	33629.0	29753.0	35174.0	34409.0	37450.0	34981.0	33685.0	28447.0	32987.0	35936.0	37371.0	33576.0	34727.0	29770.0	33288.0	35054.0	1.9299999999999997e-07
194	37997.0	34829.0	35153.0	31055.0	35008.0	35235.0	37825.0	34987.0	33536.0	29858.0	33840.0	35934.0	37893.0	35598.0	34991.0	30163.0	33676.0	33669.0	37651.0	35105.0	34999.0	29816.0	33909.0	34165.0	37745.0	34143.0	35276.0	31760.0	35386.0	33147.0	37658.0	33805.0	34851.0	31025.0	35563.0	34724.0	1.9399999999999996e-07
195	36061.0	32459.0	32507.0	28799.0	33089.0	32327.0	35431.0	32600.0	33623.0	29309.0	32585.0	30842.0	35688.0	32036.0	32641.0	29335.0	34016.0	32398.0	35129.0	31845.0	33545.0	29400.0	32630.0	31484.0	35431.0	32516.0	31751.0	28596.0	32989.0	32910.0	35713.0	33008.0	32402.0	27470.0	31406.0	32828.0	1.9499999999999996e-07
196	35719.0	31753.0	32339.0	27752.0	31984.0	32477.0	35531.0	30746.0	31300.0	27876.0	33020.0	32181.0	35363.0	32663.0	30630.0	26508.0	31618.0	32728.0	34908.0	31400.0	30932.0	27312.0	32454.0	31795.0	35089.0	32384.0	33425.0	27778.0	30319.0	30639.0	34936.0	31191.0	32873.0	28759.0	31921.0	30394.0	1.9599999999999998e-07
197	36217.0	32751.0	32059.0	27600.0	32973.0	32416.0	35377.0	32873.0	31771.0	26961.0	31266.0	33024.0	36034.0	32443.0	33017.0	28099.0	32106.0	31912.0	35390.0	32976.0	32470.0	27701.0	31672.0	32631.0	35840.0	31696.0	32487.0	29311.0	33607.0	32141.0	35933.0	32597.0	31235.0	27727.0	32919.0	33717.0	1.9699999999999998e-07
198	36743.0	33096.0	34078.0	29219.0	34012.0	34253.0	36569.0	32834.0	34203.0	30384.0	33596.0	32916.0	36607.0	32558.0	32761.0	29310.0	34008.0	34625.0	35980.0	32102.0	33179.0	29963.0	34188.0	34048.0	36662.0	33455.0	32517.0	28360.0	33673.0	34372.0	36777.0	33857.0	33668.0	29389.0	32653.0	33378.0	1.9799999999999997e-07
199	33898.0	30495.0	30882.0	25443.0	30151.0	30105.0	33855.0	29768.0	29811.0	25650.0	30493.0	31043.0	33648.0	31105.0	30105.0	24617.0	28942.0	30584.0	33941.0	30514.0	29178.0	25131.0	29825.0	30615.0	34049.0	30825.0	30575.0	26174.0	29175.0	29804.0	34010.0	30060.0	30380.0	26732.0	31117.0	29783.0	1.9899999999999997e-07
200	36452.0	32754.0	32728.0	28208.0	33135.0	32548.0	37011.0	33009.0	32732.0	27925.0	31648.0	32331.0	36107.0	31988.0	33916.0	29729.0	32936.0	31367.0	35972.0	32792.0	34067.0	29125.0	32228.0	32122.0	36282.0	31621.0	33258.0	28965.0	33267.0	32992.0	36148.0	32524.0	32164.0	28157.0	32779.0	33996.0	2e-07
