	+Z+Z	+Z+X	+Z+Y	+Z-Z	+Z-X	+Z-Y	+X+Z	+X+X	+X+Y	+X-Z	+X-X	+X-Y	+Y+Z	+Y+X	+Y+Y	+Y-Z	+Y-X	+Y-Y	-Z+Z	-Z+X	-Z+Y	-Z-Z	-Z-X	-Z-Y	-X+Z	-X+X	-X+Y	-X-Z	-X-X	-X-Y	-Y+Z	-Y+X	-Y+Y	-Y-Z	-Y-X	-Y-Y
0	39100.0	32761.0	32647.0	26565.0	32656.0	32804.0	33469.0	24415.0	32128.0	33734.0	37807.0	30521.0	33180.0	30998.0	24835.0	24348.0	32314.0	38102.0	27345.0	24926.0	26612.0	31627.0	34893.0	33389.0	33508.0	37982.0	30394.0	23025.0	24651.0	32038.0	33469.0	32137.0	38273.0	32030.0	30143.0	24271.0
1	38656.0	32370.0	32029.0	25661.0	31806.0	32503.0	32683.0	24200.0	31257.0	32692.0	37530.0	30136.0	32972.0	30024.0	24542.0	23856.0	31047.0	37569.0	27320.0	24081.0	25263.0	31432.0	33866.0	32927.0	33201.0	37766.0	29477.0	22160.0	23946.0	30893.0	32936.0	31160.0	37752.0	31256.0	29307.0	23944.0
2	39007.0	32356.0	32845.0	25683.0	32812.0	32877.0	33506.0	24096.0	31824.0	33262.0	37863.0	30987.0	33679.0	30527.0	24899.0	24433.0	32204.0	38115.0	28164.0	25573.0	27168.0	32104.0	35048.0	34038.0	33358.0	37594.0	30697.0	22761.0	25448.0	32518.0	33647.0	31876.0	37813.0	32265.0	31007.0	25174.0
3	39512.0	34124.0	33871.0	28016.0	33690.0	34014.0	34119.0	25534.0	32955.0	34494.0	39416.0	32155.0	34618.0	30717.0	26931.0	25024.0	34218.0	39884.0	27696.0	26015.0	27554.0	33097.0	35583.0	34523.0	34155.0	38779.0	31959.0	24299.0	25958.0	33213.0	34076.0	33454.0	39226.0	32747.0	32018.0	25622.0
4	39484.0	33650.0	34111.0	28421.0	34021.0	34103.0	34271.0	26918.0	33423.0	35057.0	38555.0	31986.0	34747.0	32160.0	27379.0	26716.0	33423.0	38773.0	29579.0	26847.0	28389.0	33301.0	35210.0	34207.0	34597.0	38413.0	31953.0	25706.0	26620.0	33297.0	34698.0	33231.0	38767.0	33096.0	32235.0	26959.0
5	38051.0	32086.0	31818.0	25983.0	32081.0	31603.0	32763.0	25165.0	31376.0	32467.0	36572.0	30178.0	32835.0	29776.0	25018.0	25049.0	31294.0	36732.0	27950.0	24530.0	25573.0	31840.0	34102.0	32909.0	32783.0	36494.0	30242.0	24009.0	25017.0	31208.0	32205.0	30701.0	36563.0	31300.0	29822.0	24825.0
6	37429.0	32371.0	32113.0	26595.0	31523.0	32505.0	32463.0	25185.0	31685.0	32962.0	36745.0	29716.0	32837.0	30223.0	25105.0	24758.0	31585.0	37481.0	27425.0	25167.0	26871.0	31202.0	34610.0	32692.0	32140.0	36268.0	30139.0	23421.0	25807.0	31142.0	32879.0	31153.0	37559.0	30545.0	29472.0	24551.0
7	37692.0	31763.0	32844.0	26153.0	32694.0	32280.0	33007.0	24006.0	31339.0	32710.0	37021.0	30517.0	33260.0	30068.0	24720.0	25608.0	31412.0	36782.0	27425.0	24467.0	26675.0	31535.0	33884.0	32687.0	32597.0	37371.0	30242.0	23766.0	25143.0	31648.0	32415.0	31255.0	36762.0	31345.0	30135.0	25035.0
8	38724.0	33470.0	33494.0	27799.0	33536.0	33268.0	34349.0	26180.0	32700.0	33807.0	38085.0	31495.0	33952.0	31832.0	26770.0	26298.0	32699.0	38255.0	29225.0	26667.0	28037.0	32591.0	35185.0	34114.0	34473.0	38205.0	31480.0	24843.0	26624.0	33103.0	34114.0	33535.0	37901.0	33019.0	31711.0	26424.0
9	38776.0	33800.0	34019.0	28866.0	33279.0	33873.0	34570.0	26562.0	33524.0	34140.0	38675.0	31737.0	34973.0	31961.0	26588.0	27120.0	33363.0	38420.0	29531.0	26834.0	27780.0	33533.0	35300.0	34799.0	34464.0	38720.0	31900.0	25657.0	26853.0	33849.0	34274.0	33309.0	38175.0	33314.0	31979.0	26806.0
10	37564.0	32165.0	32069.0	27090.0	32794.0	33015.0	32645.0	23920.0	32309.0	34562.0	37374.0	31181.0	33090.0	30038.0	25233.0	25390.0	32209.0	37591.0	27592.0	24735.0	26515.0	31702.0	34614.0	32892.0	33709.0	36876.0	30350.0	23729.0	25269.0	31562.0	33078.0	31687.0	37263.0	31984.0	30696.0	24373.0
11	40320.0	34899.0	34909.0	29888.0	35725.0	35129.0	35620.0	27574.0	34280.0	35832.0	39646.0	33146.0	35990.0	33274.0	27818.0	28019.0	34637.0	40062.0	30532.0	28148.0	28923.0	34044.0	36782.0	35657.0	35765.0	39932.0	33295.0	25903.0	27337.0	34334.0	35621.0	34589.0	40052.0	34179.0	33088.0	27501.0
12	36434.0	31391.0	30928.0	25011.0	31249.0	31270.0	31705.0	23987.0	30240.0	31333.0	35800.0	28000.0	32133.0	28765.0	23302.0	23191.0	30108.0	36143.0	25039.0	23134.0	24710.0	30390.0	32887.0	31510.0	31356.0	36688.0	28182.0	22236.0	24613.0	30188.0	31522.0	30624.0	36107.0	29917.0	29500.0	23414.0
13	38111.0	32319.0	32561.0	26359.0	32552.0	32505.0	33185.0	25700.0	32518.0	33436.0	37516.0	30662.0	33078.0	30424.0	24951.0	24420.0	32022.0	37788.0	27575.0	24992.0	26529.0	31765.0	35037.0	33063.0	33173.0	37141.0	30726.0	22915.0	24855.0	31771.0	33542.0	31563.0	37911.0	31476.0	31129.0	25838.0
14	39713.0	34089.0	34192.0	28516.0	33470.0	33421.0	34767.0	26147.0	33458.0	34381.0	38682.0	32554.0	34559.0	31678.0	27116.0	26279.0	33113.0	38711.0	28899.0	25734.0	28790.0	33551.0	35626.0	34156.0	34779.0	38818.0	32150.0	24321.0	26620.0	33058.0	34475.0	32979.0	38714.0	32884.0	31728.0	26783.0
15	38520.0	33256.0	33176.0	27655.0	32729.0	32951.0	33532.0	25684.0	32356.0	33869.0	37364.0	31250.0	33330.0	31090.0	26252.0	26373.0	32767.0	38153.0	28265.0	26117.0	27992.0	32628.0	35336.0	33781.0	33859.0	37401.0	31955.0	24962.0	26375.0	32991.0	33814.0	32946.0	37935.0	32403.0	31335.0	26233.0
16	39495.0	33705.0	33439.0	28293.0	34182.0	34006.0	34778.0	26879.0	33778.0	34689.0	38491.0	31915.0	35086.0	31811.0	26892.0	27324.0	33657.0	38602.0	29712.0	26904.0	28057.0	33708.0	36098.0	34582.0	34734.0	38465.0	32273.0	25525.0	26809.0	33690.0	34672.0	33804.0	38868.0	33046.0	32052.0	26812.0
17	39015.0	34021.0	34055.0	27787.0	33804.0	33336.0	33984.0	26939.0	32991.0	34512.0	38256.0	31850.0	34751.0	32218.0	26845.0	26333.0	33140.0	38033.0	29159.0	26412.0	27848.0	32849.0	35856.0	33753.0	34957.0	38371.0	32183.0	25076.0	26843.0	33359.0	34849.0	32881.0	37992.0	32998.0	31502.0	26179.0
18	38709.0	33440.0	33359.0	27978.0	33337.0	33020.0	34076.0	26478.0	32800.0	34398.0	37800.0	31640.0	34114.0	31499.0	26304.0	26509.0	33182.0	37761.0	29506.0	26951.0	27555.0	32829.0	34877.0	33983.0	34295.0	37735.0	31272.0	25429.0	26783.0	32729.0	34034.0	32943.0	37768.0	32749.0	31467.0	26534.0
19	39561.0	33281.0	33475.0	26469.0	34100.0	34114.0	34498.0	26251.0	33946.0	34138.0	38810.0	31896.0	34707.0	31776.0	26522.0	26347.0	33782.0	39335.0	29923.0	26594.0	27636.0	33028.0	36107.0	34871.0	34736.0	38740.0	31265.0	24504.0	26747.0	33780.0	34757.0	32917.0	38788.0	32760.0	31982.0	27206.0
20	39247.0	33783.0	33185.0	28099.0	33335.0	33987.0	33858.0	26589.0	33076.0	34434.0	38438.0	31721.0	34329.0	31296.0	26385.0	26554.0	33018.0	37735.0	28613.0	26519.0	27820.0	33248.0	35454.0	33470.0	33935.0	38017.0	31223.0	25127.0	26637.0	32962.0	33938.0	32802.0	38179.0	32889.0	31418.0	26564.0
21	37053.0	31766.0	31502.0	25577.0	31740.0	31649.0	32990.0	24354.0	31457.0	32857.0	36432.0	29310.0	32504.0	30517.0	24929.0	25186.0	30972.0	36622.0	27576.0	24991.0	26206.0	30994.0	32834.0	32192.0	32885.0	36917.0	29816.0	23608.0	24296.0	31588.0	32260.0	30781.0	36250.0	30974.0	29765.0	24405.0
22	39301.0	33931.0	33811.0	28424.0	33669.0	33924.0	34463.0	27222.0	33086.0	34695.0	38456.0	32384.0	34699.0	32617.0	26775.0	27205.0	33576.0	38207.0	29860.0	27148.0	28457.0	32711.0	35798.0	34145.0	34689.0	38426.0	31466.0	25124.0	27250.0	33860.0	34761.0	33585.0	38376.0	33161.0	32262.0	27505.0
23	39663.0	34264.0	34612.0	29057.0	34390.0	34384.0	35185.0	26852.0	34287.0	35254.0	39247.0	32393.0	35359.0	32485.0	27556.0	27605.0	33204.0	38751.0	29623.0	27171.0	29739.0	33962.0	36224.0	34445.0	35373.0	38987.0	33004.0	25664.0	26693.0	33254.0	35309.0	33852.0	39504.0	33567.0	32129.0	26695.0
24	38384.0	33300.0	33082.0	27260.0	33412.0	32869.0	33357.0	25637.0	32697.0	33962.0	38106.0	30964.0	33879.0	31332.0	26437.0	25766.0	33024.0	37704.0	28851.0	26104.0	27373.0	32017.0	34530.0	33529.0	34325.0	37489.0	31259.0	24589.0	25728.0	32457.0	34048.0	32731.0	37680.0	32752.0	31147.0	25944.0
25	37994.0	31387.0	31397.0	25087.0	31639.0	31595.0	32241.0	22964.0	31179.0	32686.0	37001.0	29234.0	32415.0	29068.0	23424.0	24166.0	31205.0	36971.0	26662.0	23247.0	25402.0	31485.0	33459.0	32107.0	32940.0	37155.0	28991.0	21951.0	23240.0	31397.0	32186.0	31160.0	36630.0	30813.0	28835.0	24502.0
26	39773.0	32018.0	33255.0	26225.0	32887.0	32052.0	33146.0	24056.0	31740.0	33058.0	37413.0	29585.0	33074.0	30268.0	24377.0	24443.0	32048.0	37787.0	27665.0	24836.0	25887.0	31882.0	34489.0	32991.0	33115.0	37722.0	29677.0	22977.0	23931.0	31731.0	33261.0	32410.0	37543.0	32115.0	30342.0	24215.0
27	39335.0	33033.0	32925.0	26635.0	33300.0	32955.0	33921.0	24571.0	32450.0	34397.0	38440.0	30521.0	34153.0	30639.0	24128.0	25332.0	32295.0	38698.0	27647.0	24536.0	26612.0	32284.0	35248.0	33343.0	33513.0	38236.0	30578.0	23055.0	24832.0	32564.0	33599.0	32555.0	38405.0	32250.0	30985.0	25380.0
28	39541.0	33671.0	33874.0	27044.0	33070.0	33505.0	34423.0	25034.0	33087.0	34719.0	38773.0	31099.0	34319.0	31566.0	24913.0	24929.0	32971.0	38680.0	28622.0	25134.0	26806.0	32770.0	35510.0	33846.0	34271.0	38796.0	31384.0	23476.0	25165.0	32641.0	34189.0	32704.0	38853.0	32202.0	31055.0	25812.0
29	39411.0	32925.0	32984.0	26492.0	33096.0	33028.0	33691.0	24710.0	32421.0	34130.0	38572.0	30777.0	33687.0	30522.0	24928.0	24816.0	32653.0	38740.0	27538.0	24966.0	26186.0	32318.0	35663.0	33862.0	33912.0	38294.0	31092.0	23452.0	25026.0	32695.0	33897.0	32466.0	38439.0	32512.0	31215.0	24979.0
30	37436.0	31419.0	31299.0	25381.0	31181.0	33068.0	33027.0	23154.0	30922.0	31933.0	36756.0	29441.0	33293.0	29516.0	23327.0	23726.0	30668.0	37610.0	26409.0	23494.0	25184.0	30620.0	33047.0	32434.0	32771.0	36288.0	30006.0	22076.0	22878.0	31396.0	31599.0	30800.0	35986.0	30035.0	29724.0	23001.0
31	37769.0	31582.0	31740.0	25223.0	31585.0	31590.0	32177.0	23508.0	31038.0	32103.0	37394.0	29853.0	32102.0	29602.0	23366.0	24205.0	31103.0	37000.0	26428.0	23623.0	25015.0	31279.0	33509.0	32540.0	32264.0	36835.0	29221.0	22241.0	23740.0	30895.0	32436.0	31169.0	36576.0	31060.0	29330.0	23959.0
32	39142.0	32535.0	33429.0	27010.0	33686.0	33886.0	33609.0	26306.0	32896.0	34679.0	38571.0	31387.0	33302.0	31986.0	25775.0	26279.0	33114.0	38464.0	27125.0	26264.0	27405.0	33615.0	35668.0	34423.0	33233.0	38705.0	32700.0	25226.0	25922.0	33225.0	32997.0	33432.0	38318.0	32963.0	31384.0	25597.0
33	36675.0	31760.0	31347.0	25416.0	31633.0	31239.0	32143.0	24972.0	31153.0	32019.0	36792.0	29082.0	32312.0	29971.0	24881.0	24565.0	31444.0	36197.0	27029.0	24416.0	25719.0	30805.0	33403.0	31605.0	32962.0	36610.0	29408.0	22226.0	24553.0	30559.0	32541.0	31931.0	36453.0	31262.0	29424.0	24166.0
34	38961.0	32437.0	33667.0	28547.0	33461.0	33421.0	33578.0	25115.0	33227.0	34445.0	38454.0	31408.0	32753.0	30646.0	26473.0	27236.0	33276.0	37977.0	27135.0	24697.0	27858.0	33141.0	35593.0	34289.0	33763.0	37633.0	32147.0	25126.0	25959.0	33408.0	33781.0	32234.0	38631.0	32796.0	31951.0	26327.0
35	38324.0	31495.0	31899.0	25094.0	32063.0	32240.0	32646.0	23399.0	31948.0	32897.0	37019.0	29350.0	33230.0	29485.0	23858.0	24399.0	32200.0	36623.0	26867.0	23218.0	25458.0	30649.0	34800.0	32917.0	33442.0	37332.0	29296.0	21961.0	23879.0	31667.0	33016.0	31671.0	36571.0	31352.0	30181.0	23419.0
36	39064.0	32635.0	32212.0	26198.0	32732.0	32657.0	33193.0	24616.0	31623.0	33123.0	37867.0	30364.0	33205.0	30208.0	24192.0	25198.0	31995.0	37871.0	27217.0	24288.0	26043.0	32080.0	34908.0	33051.0	33416.0	37831.0	30233.0	22720.0	24818.0	32410.0	33547.0	31635.0	38115.0	31756.0	30459.0	24783.0
37	38078.0	31947.0	31581.0	24837.0	31878.0	31421.0	32197.0	23779.0	31707.0	32441.0	37254.0	29551.0	31936.0	29653.0	23791.0	24158.0	31268.0	37003.0	27365.0	24570.0	26263.0	31554.0	34060.0	32197.0	32851.0	37217.0	29694.0	21857.0	24315.0	31500.0	32411.0	31499.0	37221.0	31136.0	29531.0	23453.0
38	40515.0	34934.0	34787.0	28330.0	35098.0	34763.0	35759.0	26784.0	34281.0	35351.0	40122.0	32008.0	35216.0	32206.0	26636.0	26709.0	34034.0	39822.0	29464.0	26719.0	28335.0	33904.0	36713.0	34877.0	35640.0	39786.0	31965.0	24832.0	27366.0	34297.0	35275.0	33948.0	40183.0	33697.0	32635.0	26815.0
39	39932.0	33407.0	33421.0	26433.0	33690.0	33448.0	34227.0	25371.0	32598.0	33982.0	38421.0	30956.0	33754.0	30782.0	24722.0	25186.0	32855.0	38843.0	28048.0	24980.0	26766.0	32727.0	35517.0	34064.0	34247.0	38531.0	30934.0	23090.0	24978.0	32793.0	34299.0	33067.0	38526.0	32801.0	30788.0	24967.0
40	39278.0	33675.0	33474.0	26849.0	33717.0	33445.0	34364.0	25350.0	33177.0	34393.0	38560.0	31091.0	34160.0	31125.0	25313.0	25525.0	32659.0	38808.0	28428.0	25489.0	26974.0	32597.0	35632.0	33694.0	34148.0	38954.0	30927.0	23539.0	25249.0	32719.0	34195.0	32856.0	38647.0	32445.0	31135.0	25307.0
41	39657.0	33438.0	33193.0	26744.0	33214.0	33739.0	34231.0	24942.0	32529.0	33966.0	38858.0	30946.0	34137.0	31132.0	25035.0	24876.0	32766.0	38684.0	27661.0	24631.0	27064.0	32823.0	35479.0	33725.0	34541.0	38588.0	31097.0	22761.0	24709.0	32720.0	34483.0	32407.0	38544.0	32183.0	31217.0	25297.0
42	39556.0	33391.0	32662.0	27066.0	33857.0	33322.0	33780.0	24586.0	32659.0	33878.0	38838.0	30656.0	33790.0	30643.0	24492.0	25362.0	32536.0	38390.0	27979.0	24963.0	27085.0	32618.0	34917.0	33710.0	33297.0	39158.0	31301.0	23722.0	24401.0	32571.0	33960.0	32529.0	38513.0	32307.0	31134.0	25241.0
43	38055.0	33721.0	33129.0	27509.0	32948.0	33514.0	32178.0	26559.0	32632.0	34485.0	37520.0	31408.0	33450.0	31536.0	26547.0	25961.0	32671.0	37811.0	29032.0	25900.0	28275.0	32781.0	34908.0	33723.0	34401.0	37939.0	31377.0	24455.0	26402.0	32621.0	34149.0	33084.0	37431.0	32461.0	31773.0	25637.0
44	39679.0	34689.0	34114.0	27819.0	33184.0	34687.0	34968.0	27068.0	33570.0	35326.0	38688.0	32444.0	34353.0	31607.0	27340.0	26289.0	33397.0	39049.0	29882.0	26873.0	27820.0	33450.0	36395.0	34510.0	34895.0	38851.0	31284.0	25040.0	27337.0	33801.0	35197.0	33283.0	38824.0	32780.0	32424.0	26125.0
45	38557.0	33059.0	33245.0	26752.0	32383.0	32380.0	33320.0	25777.0	32684.0	33518.0	37815.0	29933.0	33099.0	30519.0	24829.0	25177.0	32062.0	36696.0	28148.0	25532.0	26249.0	32066.0	34351.0	32421.0	32722.0	37499.0	30543.0	23591.0	25664.0	31393.0	33160.0	32309.0	37349.0	31740.0	30506.0	24716.0
46	38040.0	32295.0	32645.0	26469.0	32687.0	32677.0	32139.0	25388.0	32422.0	33015.0	38035.0	29894.0	32525.0	29866.0	25045.0	24532.0	32248.0	37081.0	27662.0	24466.0	26234.0	31293.0	34645.0	32331.0	33051.0	36876.0	30404.0	24244.0	25386.0	30588.0	32851.0	31742.0	36771.0	31456.0	29558.0	24039.0
47	38400.0	32495.0	32729.0	26594.0	33492.0	32934.0	32982.0	24972.0	32836.0	33648.0	37414.0	30341.0	32968.0	30752.0	25736.0	26042.0	32207.0	37626.0	28368.0	24984.0	27131.0	32438.0	34578.0	32806.0	33233.0	37460.0	30845.0	24598.0	25014.0	31348.0	33303.0	32531.0	37575.0	32024.0	30601.0	24994.0
48	37577.0	31935.0	31440.0	24741.0	31632.0	30780.0	31730.0	24992.0	30772.0	32111.0	36596.0	29316.0	32569.0	29773.0	23510.0	23350.0	30810.0	36266.0	27394.0	24083.0	25212.0	30613.0	33041.0	31181.0	32562.0	36546.0	28731.0	22057.0	23509.0	30729.0	32775.0	31438.0	36629.0	30218.0	29252.0	23957.0
49	39343.0	32882.0	34235.0	27796.0	34174.0	32882.0	34070.0	25356.0	33249.0	34880.0	38590.0	31036.0	34317.0	31776.0	27011.0	25964.0	32857.0	38467.0	28671.0	25193.0	27375.0	33289.0	35768.0	33863.0	34227.0	38899.0	31938.0	24386.0	25769.0	33028.0	34190.0	33791.0	38738.0	32829.0	31112.0	25324.0
50	37898.0	32409.0	32570.0	26270.0	32304.0	32342.0	33089.0	25016.0	31570.0	32895.0	36915.0	29976.0	32451.0	30510.0	24496.0	24075.0	31712.0	37507.0	27249.0	24733.0	26314.0	31063.0	33914.0	33003.0	32921.0	38200.0	29620.0	23088.0	23599.0	31533.0	32243.0	31806.0	37411.0	31408.0	29307.0	24371.0
51	36741.0	31448.0	31284.0	26643.0	32338.0	31384.0	32142.0	24960.0	31453.0	32629.0	36501.0	29860.0	32340.0	29295.0	24250.0	24325.0	31299.0	36084.0	26404.0	24579.0	26704.0	30721.0	33131.0	32333.0	32518.0	36091.0	29229.0	23319.0	24224.0	31471.0	32619.0	31402.0	36358.0	30462.0	29384.0	24789.0
52	37667.0	31006.0	31688.0	24516.0	31178.0	31111.0	32584.0	23892.0	30885.0	32458.0	36473.0	28909.0	31330.0	29425.0	23817.0	23568.0	30631.0	36790.0	26335.0	23636.0	25270.0	31212.0	33838.0	31950.0	31537.0	36057.0	29311.0	21805.0	24137.0	30200.0	32554.0	30695.0	36838.0	29734.0	28956.0	23358.0
53	39072.0	32941.0	33479.0	25931.0	32261.0	32348.0	33784.0	25231.0	32523.0	33703.0	37874.0	30781.0	33644.0	30370.0	24435.0	25464.0	32304.0	37754.0	27575.0	24641.0	26798.0	32540.0	34500.0	33145.0	34119.0	38294.0	30751.0	23112.0	24337.0	32739.0	34009.0	32070.0	37809.0	32202.0	30542.0	24858.0
54	37105.0	30641.0	30919.0	24678.0	30786.0	30962.0	31439.0	22963.0	30695.0	31848.0	36182.0	28591.0	31608.0	28436.0	23414.0	23150.0	29751.0	36437.0	26220.0	22702.0	24875.0	30570.0	33466.0	31517.0	31562.0	35812.0	29073.0	21584.0	22887.0	30456.0	31433.0	30124.0	36056.0	30302.0	28358.0	22791.0
55	39435.0	33822.0	33062.0	26296.0	33159.0	33365.0	33303.0	25967.0	33017.0	33895.0	38509.0	30819.0	34085.0	30590.0	25416.0	24962.0	32797.0	38562.0	27792.0	25148.0	26622.0	31992.0	35173.0	33477.0	33823.0	38442.0	30492.0	23212.0	24817.0	32544.0	34132.0	32610.0	38360.0	32124.0	30833.0	24936.0
56	38980.0	33486.0	32905.0	26509.0	32156.0	32368.0	33176.0	24829.0	32085.0	32980.0	37352.0	29745.0	32716.0	30480.0	24039.0	24230.0	31801.0	37511.0	27739.0	25240.0	25826.0	31573.0	34639.0	33101.0	32770.0	37961.0	30269.0	21845.0	24040.0	31518.0	33790.0	32882.0	37573.0	30958.0	28763.0	24168.0
57	39002.0	33684.0	33318.0	26887.0	33286.0	33539.0	34049.0	25717.0	32845.0	34643.0	38735.0	30744.0	33901.0	31235.0	25277.0	25645.0	32672.0	38754.0	28347.0	25193.0	27041.0	32975.0	35375.0	33695.0	34186.0	38341.0	31462.0	23348.0	25454.0	32994.0	34570.0	32829.0	38734.0	32479.0	30984.0	25738.0
58	38906.0	32475.0	33008.0	25863.0	32871.0	32523.0	32948.0	24769.0	32260.0	33310.0	38298.0	30602.0	32828.0	29968.0	24736.0	24309.0	31876.0	38011.0	27808.0	24284.0	26220.0	31908.0	34671.0	33220.0	33322.0	38164.0	30806.0	23290.0	24614.0	32108.0	33188.0	32532.0	37933.0	31679.0	29851.0	24466.0
59	38458.0	32498.0	32654.0	26092.0	32684.0	32405.0	33139.0	24497.0	31757.0	33574.0	37411.0	30313.0	33373.0	29990.0	24879.0	25120.0	32099.0	37505.0	27612.0	24143.0	26256.0	31639.0	34404.0	32734.0	33096.0	37496.0	29982.0	23028.0	24882.0	31939.0	33057.0	31775.0	37420.0	31583.0	30399.0	24744.0
60	38894.0	32061.0	32296.0	25843.0	32338.0	32527.0	32700.0	23878.0	31721.0	33066.0	37384.0	29496.0	32613.0	29084.0	23939.0	24208.0	31340.0	37411.0	27247.0	23445.0	25749.0	31784.0	34438.0	33131.0	32539.0	37116.0	30332.0	22490.0	23735.0	31268.0	32616.0	31726.0	37322.0	31089.0	29560.0	24116.0
61	40574.0	34193.0	34228.0	27448.0	33966.0	33692.0	35146.0	25471.0	33163.0	34641.0	39430.0	31839.0	34535.0	31914.0	25664.0	25646.0	34046.0	38804.0	29207.0	25965.0	28092.0	33219.0	36238.0	34009.0	34607.0	38849.0	31452.0	23840.0	26166.0	33646.0	34803.0	33328.0	39687.0	32723.0	31957.0	25832.0
62	40746.0	34961.0	34710.0	28108.0	35093.0	34594.0	35252.0	26290.0	34327.0	35773.0	40078.0	32643.0	35457.0	32160.0	26911.0	26478.0	34079.0	39974.0	29330.0	26874.0	28145.0	34070.0	36744.0	35244.0	35738.0	40295.0	32466.0	24746.0	25881.0	34063.0	35267.0	34208.0	39551.0	33765.0	32312.0	26360.0
63	38960.0	33004.0	32871.0	26523.0	32933.0	32865.0	33211.0	25213.0	32359.0	33490.0	37875.0	30433.0	34416.0	30858.0	24766.0	24836.0	32639.0	37965.0	27382.0	24560.0	26377.0	32399.0	35175.0	33566.0	33661.0	38298.0	30390.0	23050.0	24574.0	32200.0	33671.0	32358.0	37954.0	32345.0	30470.0	24918.0
64	37367.0	31463.0	31697.0	24875.0	31777.0	31593.0	32527.0	23347.0	30883.0	32043.0	36428.0	29352.0	32892.0	29199.0	23208.0	23806.0	30976.0	36919.0	26099.0	23460.0	25071.0	31615.0	33476.0	31707.0	32416.0	36489.0	29143.0	21777.0	22843.0	30688.0	32146.0	31296.0	37190.0	30551.0	29529.0	23432.0
65	39975.0	33278.0	33151.0	26658.0	33246.0	33633.0	34256.0	25185.0	32483.0	33978.0	38207.0	31220.0	33924.0	30990.0	24787.0	25379.0	32655.0	38630.0	28123.0	25362.0	26684.0	32192.0	35399.0	33774.0	33637.0	38578.0	30835.0	23070.0	24685.0	33061.0	33526.0	32425.0	38681.0	32440.0	31522.0	24848.0
66	39000.0	32142.0	32732.0	25890.0	33311.0	32354.0	32958.0	24154.0	31557.0	33199.0	38374.0	31012.0	32745.0	30385.0	23737.0	24102.0	32006.0	37907.0	27088.0	24052.0	25811.0	31474.0	34818.0	32964.0	33441.0	37648.0	29466.0	22758.0	24528.0	32327.0	32943.0	31778.0	37553.0	31535.0	30353.0	24119.0
67	39907.0	34263.0	33340.0	27344.0	33808.0	33217.0	34670.0	26078.0	33099.0	34543.0	39059.0	31622.0	34817.0	31469.0	25537.0	25618.0	32892.0	39097.0	28618.0	25446.0	27791.0	32758.0	35473.0	33679.0	34805.0	39046.0	31710.0	23549.0	24879.0	33083.0	34718.0	33198.0	38802.0	32087.0	30885.0	25250.0
68	37367.0	31154.0	30744.0	24418.0	30409.0	31026.0	31631.0	23292.0	29851.0	31003.0	35619.0	28067.0	30794.0	28475.0	22779.0	22477.0	30414.0	35765.0	24903.0	22262.0	24712.0	29266.0	32663.0	31201.0	31571.0	35978.0	29225.0	20839.0	22489.0	29700.0	30686.0	30347.0	35411.0	29052.0	27912.0	22789.0
69	39755.0	33421.0	33341.0	26818.0	33156.0	33353.0	33258.0	24561.0	32609.0	33926.0	38156.0	31047.0	33275.0	30843.0	24719.0	24854.0	32780.0	38471.0	28533.0	25303.0	26116.0	32544.0	35668.0	33475.0	33715.0	38417.0	30600.0	23015.0	24385.0	32236.0	33835.0	32715.0	38454.0	32160.0	30862.0	24706.0
70	39793.0	33687.0	33417.0	26804.0	33250.0	33546.0	34117.0	25217.0	32523.0	34119.0	38807.0	31392.0	34248.0	31015.0	25198.0	25523.0	33748.0	38818.0	28464.0	25014.0	26805.0	33761.0	35534.0	33549.0	34252.0	39183.0	31351.0	23978.0	25267.0	33400.0	34681.0	33495.0	39230.0	32480.0	31658.0	25480.0
71	39689.0	33947.0	33692.0	26885.0	33863.0	33428.0	34240.0	25574.0	33185.0	34851.0	39022.0	31365.0	34566.0	31360.0	25204.0	26080.0	32930.0	38814.0	28465.0	25777.0	27416.0	33020.0	36091.0	34091.0	34414.0	39035.0	31201.0	24007.0	25582.0	32864.0	34435.0	33238.0	38954.0	32966.0	31267.0	25925.0
72	39168.0	33307.0	32894.0	25930.0	32748.0	33700.0	33088.0	24779.0	32410.0	34066.0	37992.0	31088.0	33431.0	30836.0	24409.0	24622.0	32373.0	38398.0	27550.0	25366.0	26764.0	32345.0	36082.0	33686.0	33609.0	38602.0	29940.0	23851.0	26004.0	33352.0	33748.0	33224.0	38258.0	32767.0	31059.0	25888.0
73	39240.0	33630.0	33553.0	27128.0	33016.0	33087.0	33837.0	26032.0	32559.0	34105.0	38141.0	31254.0	33503.0	30686.0	25143.0	26018.0	32415.0	38276.0	27680.0	25286.0	27711.0	33108.0	35311.0	33692.0	34047.0	37762.0	31395.0	24993.0	25394.0	32412.0	33801.0	33080.0	38829.0	32542.0	30539.0	25743.0
74	38410.0	32721.0	32809.0	27158.0	32901.0	33757.0	33610.0	25546.0	32689.0	34101.0	38458.0	31036.0	33780.0	31050.0	25184.0	25385.0	33053.0	38391.0	26905.0	25103.0	27125.0	32501.0	35291.0	33252.0	33623.0	37730.0	31012.0	23903.0	26517.0	32830.0	33461.0	32319.0	37962.0	32324.0	31033.0	26312.0
75	38428.0	33063.0	33193.0	26753.0	32853.0	32596.0	32765.0	24273.0	32208.0	33599.0	37965.0	30370.0	32776.0	30640.0	24593.0	25283.0	32721.0	38076.0	27677.0	24870.0	26129.0	31740.0	35142.0	33141.0	33238.0	37962.0	30508.0	23216.0	24544.0	32399.0	32894.0	31977.0	37980.0	31809.0	30128.0	24221.0
76	38166.0	32279.0	31535.0	25491.0	31160.0	31209.0	32070.0	24855.0	30256.0	32125.0	36522.0	29315.0	32191.0	29863.0	23934.0	23632.0	30943.0	36924.0	26993.0	23425.0	26141.0	31547.0	33774.0	32042.0	32786.0	37120.0	29232.0	22301.0	23764.0	31513.0	33217.0	30798.0	36563.0	30750.0	28893.0	23718.0
77	35009.0	29574.0	28961.0	24659.0	29499.0	30326.0	30509.0	23441.0	29271.0	31071.0	34125.0	27776.0	30867.0	27947.0	23272.0	22778.0	29728.0	34852.0	24879.0	22526.0	25187.0	29673.0	32588.0	31127.0	29366.0	34188.0	27990.0	21250.0	23074.0	30079.0	30080.0	28680.0	33821.0	28974.0	29189.0	22563.0
78	37180.0	31419.0	31804.0	26353.0	31664.0	31929.0	32487.0	24187.0	31354.0	32371.0	36384.0	29086.0	32309.0	29498.0	24915.0	24765.0	31083.0	36129.0	27126.0	24630.0	26159.0	31369.0	33339.0	31823.0	32815.0	36415.0	29861.0	23293.0	24610.0	31520.0	31668.0	31428.0	36167.0	30852.0	29316.0	24509.0
79	37824.0	31732.0	32636.0	25028.0	32573.0	32356.0	32587.0	24463.0	31835.0	32411.0	37241.0	29878.0	32402.0	30000.0	24837.0	24678.0	32174.0	36288.0	28277.0	25048.0	26870.0	30956.0	34014.0	31967.0	33138.0	37039.0	29483.0	22158.0	25544.0	31497.0	32984.0	32032.0	36287.0	30982.0	30235.0	24786.0
80	39060.0	33011.0	33707.0	26961.0	33143.0	33041.0	33612.0	26524.0	32869.0	33803.0	37557.0	30833.0	33387.0	31218.0	26096.0	25691.0	32762.0	38144.0	27739.0	26587.0	27660.0	32866.0	34995.0	33874.0	33967.0	38316.0	31310.0	25018.0	25615.0	32038.0	33428.0	32621.0	38325.0	32502.0	31439.0	25339.0
81	37603.0	31488.0	32204.0	25799.0	32017.0	31580.0	32779.0	23895.0	31370.0	32506.0	36878.0	30249.0	32432.0	29734.0	23954.0	23608.0	31233.0	36744.0	27248.0	24509.0	25494.0	31246.0	33706.0	32724.0	33012.0	36596.0	29790.0	23896.0	23210.0	31086.0	32539.0	30499.0	36809.0	31069.0	29699.0	24182.0
82	38460.0	32697.0	33277.0	26200.0	33169.0	32752.0	33678.0	24807.0	31496.0	34184.0	38354.0	30387.0	33450.0	30872.0	24229.0	26459.0	31939.0	37814.0	27692.0	25523.0	26828.0	32161.0	34618.0	33619.0	33071.0	38207.0	31255.0	24360.0	24802.0	31704.0	32479.0	32283.0	37654.0	32604.0	30660.0	25343.0
83	38731.0	32975.0	32879.0	25847.0	32432.0	32290.0	33201.0	24775.0	31358.0	32946.0	38309.0	30355.0	33203.0	31126.0	24368.0	24143.0	31904.0	37719.0	28180.0	24143.0	25985.0	31711.0	34497.0	33309.0	33173.0	37980.0	30568.0	23447.0	24904.0	31311.0	33337.0	31400.0	37575.0	32047.0	31115.0	24537.0
84	38829.0	32015.0	32239.0	25297.0	32281.0	32123.0	33190.0	23831.0	31407.0	32884.0	37753.0	30534.0	33000.0	30429.0	23633.0	23670.0	31126.0	37995.0	26938.0	24024.0	25561.0	31101.0	34339.0	32604.0	33615.0	37610.0	30087.0	22467.0	24255.0	31086.0	32708.0	31101.0	36935.0	31252.0	30233.0	24017.0
85	39886.0	34213.0	34092.0	27625.0	34301.0	34160.0	34501.0	25142.0	32832.0	34775.0	39532.0	32096.0	34497.0	31999.0	25591.0	25587.0	33515.0	39744.0	27970.0	25390.0	27088.0	33115.0	36218.0	34965.0	34694.0	39122.0	32142.0	24512.0	25390.0	33203.0	34643.0	32981.0	39749.0	33554.0	32536.0	25651.0
86	39216.0	33485.0	33108.0	26579.0	33126.0	33582.0	33747.0	24399.0	31937.0	34104.0	38872.0	31352.0	33781.0	31353.0	24929.0	24797.0	32101.0	38776.0	27543.0	25358.0	26584.0	32173.0	35213.0	34127.0	33664.0	38603.0	31813.0	23416.0	24962.0	32425.0	34065.0	31777.0	38593.0	33010.0	31480.0	25907.0
87	38954.0	33581.0	33444.0	27356.0	33365.0	33418.0	33969.0	25803.0	32367.0	34094.0	38072.0	31572.0	34531.0	32167.0	25907.0	25971.0	32886.0	37982.0	28896.0	25975.0	27342.0	32276.0	35352.0	33987.0	34220.0	38455.0	32037.0	24594.0	26799.0	32667.0	34173.0	32687.0	38144.0	33069.0	32228.0	26166.0
88	39465.0	33703.0	33690.0	27591.0	33686.0	33611.0	34242.0	26004.0	32763.0	34477.0	38233.0	32127.0	34405.0	31811.0	26622.0	25777.0	32582.0	38710.0	29095.0	26529.0	27883.0	32515.0	35344.0	35151.0	33843.0	38747.0	32159.0	25867.0	26216.0	32631.0	34069.0	32711.0	38843.0	33524.0	32258.0	26347.0
89	40477.0	35100.0	34813.0	28561.0	34762.0	35138.0	35256.0	28060.0	34210.0	35002.0	39806.0	33640.0	35259.0	33902.0	27555.0	27284.0	34176.0	39957.0	29991.0	28212.0	28837.0	33788.0	37053.0	36151.0	35505.0	39802.0	33303.0	26944.0	27925.0	34048.0	35868.0	33382.0	39472.0	34495.0	33868.0	27628.0
90	37906.0	32629.0	32346.0	26710.0	32085.0	31892.0	33032.0	25349.0	31309.0	32769.0	37235.0	29809.0	32604.0	31162.0	25376.0	24661.0	31126.0	37064.0	27620.0	25472.0	26078.0	30933.0	34146.0	33208.0	33328.0	36737.0	30622.0	23457.0	24370.0	31515.0	33269.0	30646.0	36615.0	31855.0	30849.0	25591.0
91	40402.0	34967.0	34777.0	28280.0	34266.0	34763.0	35064.0	26990.0	33477.0	34912.0	39348.0	33265.0	35256.0	32735.0	26883.0	27311.0	33434.0	39130.0	29987.0	27063.0	28183.0	33890.0	36167.0	35391.0	35277.0	39254.0	33031.0	25790.0	26849.0	33425.0	34815.0	33265.0	39399.0	34049.0	32919.0	26865.0
92	39931.0	33900.0	33781.0	27052.0	34163.0	34010.0	34735.0	25529.0	32203.0	34050.0	39452.0	31988.0	34911.0	31602.0	25188.0	25244.0	32354.0	38853.0	28431.0	25671.0	26929.0	32643.0	35563.0	34515.0	34696.0	38969.0	31751.0	24736.0	25337.0	32857.0	34473.0	32432.0	39328.0	33625.0	32184.0	25265.0
93	39417.0	32778.0	33047.0	26499.0	33419.0	33309.0	34152.0	24577.0	32063.0	33363.0	38716.0	30734.0	33293.0	30951.0	24325.0	23966.0	31876.0	38519.0	26965.0	25191.0	25642.0	31448.0	34716.0	33946.0	33585.0	38779.0	31007.0	22918.0	24843.0	31987.0	33875.0	31785.0	38523.0	32831.0	31582.0	24520.0
94	40454.0	34231.0	34422.0	27294.0	34656.0	33918.0	34755.0	25762.0	33370.0	34952.0	39860.0	32015.0	34752.0	32357.0	25349.0	24682.0	33785.0	39968.0	29118.0	26199.0	27276.0	33352.0	36324.0	35531.0	35369.0	39641.0	32650.0	24815.0	25803.0	32866.0	35208.0	32903.0	39933.0	33819.0	32176.0	26068.0
95	38904.0	33998.0	33891.0	27805.0	34163.0	33738.0	34288.0	26670.0	32873.0	34325.0	38328.0	31631.0	34412.0	32330.0	26804.0	26356.0	33190.0	38135.0	29209.0	26862.0	27991.0	32244.0	35230.0	34366.0	34304.0	38175.0	31942.0	26309.0	26570.0	32823.0	34056.0	33108.0	38605.0	33789.0	32433.0	26464.0
96	38521.0	32880.0	32842.0	26469.0	32637.0	32601.0	33161.0	24816.0	31594.0	33469.0	38202.0	31164.0	33485.0	31436.0	25659.0	24323.0	31536.0	37696.0	27793.0	25737.0	26585.0	31533.0	34251.0	33404.0	32941.0	38163.0	31702.0	23423.0	24573.0	31378.0	33729.0	31755.0	38007.0	32316.0	30655.0	24757.0
97	39618.0	32575.0	32956.0	26187.0	33057.0	33721.0	34499.0	24912.0	31725.0	33545.0	37944.0	31456.0	33463.0	31791.0	25413.0	24287.0	32310.0	38337.0	27700.0	25273.0	26172.0	31429.0	34319.0	33971.0	33861.0	38652.0	31332.0	23083.0	24901.0	32327.0	33719.0	32266.0	37563.0	31947.0	31641.0	25022.0
98	40379.0	34680.0	35275.0	29554.0	34909.0	34972.0	35706.0	27629.0	33916.0	35319.0	39504.0	33182.0	35581.0	33467.0	27940.0	27292.0	34001.0	39970.0	31038.0	28403.0	28855.0	33688.0	36461.0	35653.0	36226.0	39537.0	33579.0	26454.0	28118.0	34188.0	35803.0	34075.0	39894.0	34584.0	33919.0	28311.0
99	38281.0	33023.0	32618.0	27182.0	32781.0	32829.0	33120.0	24956.0	31614.0	32806.0	37222.0	31098.0	33421.0	31381.0	25642.0	25259.0	31944.0	37421.0	28229.0	26189.0	26826.0	31194.0	33856.0	33605.0	33037.0	37446.0	31421.0	24411.0	24985.0	31384.0	33188.0	31617.0	37432.0	32449.0	31384.0	25704.0
100	39190.0	33925.0	33909.0	27307.0	33091.0	33388.0	34503.0	26311.0	32521.0	33592.0	37681.0	31979.0	34126.0	32218.0	26336.0	25865.0	32243.0	38442.0	28963.0	26450.0	26985.0	31926.0	35083.0	34058.0	34208.0	37890.0	32308.0	24442.0	25700.0	32479.0	34361.0	32079.0	38161.0	33153.0	32074.0	25824.0
101	38936.0	33706.0	33871.0	27590.0	33763.0	33370.0	33666.0	26527.0	32940.0	33464.0	38746.0	31918.0	34019.0	31743.0	26714.0	25377.0	32742.0	37871.0	28838.0	26327.0	27306.0	32339.0	34685.0	34369.0	33597.0	38271.0	31700.0	25177.0	25951.0	31867.0	33696.0	32676.0	37745.0	33397.0	32092.0	25778.0
102	37936.0	32845.0	32759.0	27555.0	33164.0	32983.0	33314.0	25134.0	31886.0	33539.0	37473.0	31833.0	33748.0	31148.0	25784.0	24984.0	31343.0	37699.0	27863.0	26275.0	27841.0	31811.0	33944.0	34218.0	33713.0	37407.0	31971.0	24810.0	25730.0	32024.0	33202.0	31939.0	38172.0	32270.0	31191.0	26147.0
103	39911.0	33729.0	34116.0	28020.0	33995.0	34220.0	35158.0	26167.0	33338.0	34239.0	39254.0	32805.0	34738.0	32984.0	27200.0	24899.0	33387.0	39335.0	29807.0	27019.0	27829.0	32315.0	35839.0	36084.0	34830.0	39359.0	33242.0	24841.0	26511.0	33088.0	33992.0	33455.0	39502.0	33291.0	32487.0	27180.0
104	39235.0	33379.0	33966.0	26838.0	33773.0	33556.0	34599.0	26721.0	32257.0	33885.0	38287.0	30881.0	34345.0	31206.0	26397.0	25235.0	32241.0	37674.0	28756.0	26202.0	27726.0	31594.0	35007.0	34532.0	33916.0	37827.0	31838.0	24567.0	25221.0	32134.0	34715.0	32695.0	38614.0	32868.0	31926.0	25894.0
105	39550.0	34218.0	34084.0	26923.0	34438.0	33310.0	34134.0	25899.0	32949.0	34266.0	39338.0	31774.0	34537.0	31820.0	26647.0	25458.0	32436.0	38711.0	28537.0	26329.0	27336.0	32564.0	34879.0	34458.0	34442.0	39054.0	32905.0	25312.0	24992.0	32448.0	34253.0	33027.0	38913.0	34623.0	31513.0	25250.0
106	37942.0	31904.0	32143.0	25105.0	32116.0	31893.0	32931.0	23591.0	30976.0	32009.0	37670.0	30188.0	32345.0	30377.0	23339.0	22788.0	30477.0	37457.0	26402.0	23785.0	25052.0	30568.0	34062.0	32747.0	32639.0	37374.0	30517.0	22468.0	23227.0	31133.0	32326.0	30488.0	37829.0	31880.0	30231.0	23964.0
107	39481.0	33505.0	33624.0	26989.0	33029.0	32868.0	33945.0	25243.0	32387.0	33970.0	38605.0	31937.0	33814.0	32035.0	24999.0	24590.0	32092.0	39034.0	28265.0	25420.0	26912.0	32349.0	35450.0	34237.0	34071.0	38935.0	32421.0	23975.0	24832.0	32481.0	34143.0	32470.0	39094.0	32839.0	31745.0	25140.0
108	38761.0	32697.0	33020.0	26064.0	33181.0	33008.0	33004.0	24611.0	32244.0	33017.0	38289.0	31141.0	33419.0	31277.0	24835.0	23960.0	31367.0	38442.0	27661.0	25426.0	25614.0	31969.0	34351.0	33696.0	33570.0	38513.0	31057.0	23424.0	24445.0	31436.0	33698.0	31038.0	38128.0	32364.0	30823.0	24642.0
109	38025.0	32300.0	32353.0	25449.0	32388.0	32124.0	32741.0	23908.0	30672.0	32280.0	37206.0	30235.0	32905.0	30972.0	23572.0	23764.0	31082.0	37663.0	27159.0	24236.0	25134.0	30758.0	33998.0	33241.0	32413.0	37654.0	30649.0	22842.0	23751.0	30891.0	32937.0	30866.0	37288.0	31741.0	30529.0	24557.0
110	38545.0	32156.0	32891.0	25403.0	32770.0	32453.0	33189.0	24560.0	31197.0	33217.0	37933.0	30740.0	33238.0	30916.0	24300.0	24012.0	31358.0	37568.0	28158.0	25228.0	25385.0	30524.0	34209.0	33711.0	33187.0	37336.0	30810.0	23035.0	24047.0	31858.0	33550.0	31226.0	37385.0	32110.0	30980.0	24322.0
111	38770.0	32952.0	32774.0	25888.0	32577.0	32535.0	33679.0	25246.0	31246.0	33057.0	38264.0	31350.0	33768.0	31296.0	24026.0	23995.0	31419.0	38184.0	27474.0	24747.0	25273.0	30790.0	34766.0	33514.0	33490.0	38265.0	30909.0	22949.0	24603.0	31833.0	33706.0	31410.0	37870.0	32582.0	31333.0	25707.0
112	40085.0	33605.0	33496.0	26959.0	34393.0	33907.0	34190.0	25555.0	32047.0	33752.0	39291.0	32083.0	33999.0	32315.0	25019.0	24907.0	32776.0	38936.0	28073.0	25500.0	26732.0	32266.0	35531.0	34537.0	34362.0	38860.0	31822.0	24573.0	25215.0	32269.0	34651.0	32472.0	38563.0	33655.0	32131.0	24707.0
113	40190.0	33736.0	34220.0	26890.0	34107.0	33979.0	35002.0	26000.0	32666.0	34231.0	38953.0	32383.0	34756.0	32388.0	25779.0	24905.0	32694.0	39265.0	28330.0	25976.0	26749.0	32254.0	35608.0	35781.0	34657.0	38896.0	32476.0	24196.0	25088.0	33067.0	35066.0	32577.0	39636.0	33183.0	32146.0	25511.0
114	39462.0	33941.0	33224.0	26932.0	33644.0	33299.0	33336.0	25602.0	32884.0	33650.0	38637.0	31546.0	34105.0	32270.0	25154.0	24658.0	32091.0	38760.0	28089.0	26424.0	26760.0	32330.0	34601.0	34175.0	33698.0	38862.0	32175.0	24241.0	25517.0	31784.0	34821.0	32180.0	38729.0	32815.0	31775.0	24790.0
115	40092.0	34224.0	34157.0	27841.0	33603.0	34157.0	34555.0	26741.0	32924.0	34894.0	39205.0	32805.0	34561.0	32603.0	25777.0	26331.0	32794.0	39183.0	28610.0	26339.0	27705.0	32105.0	35990.0	35113.0	34420.0	39311.0	32254.0	24148.0	26203.0	33288.0	34742.0	32608.0	39396.0	33493.0	32521.0	26548.0
116	38449.0	32491.0	32611.0	25584.0	32857.0	32706.0	33583.0	24167.0	31356.0	33159.0	37596.0	30541.0	32994.0	30335.0	24077.0	24839.0	31016.0	37817.0	27365.0	24604.0	25838.0	31609.0	34382.0	33873.0	32959.0	37352.0	30911.0	23608.0	23745.0	31451.0	32444.0	30935.0	37638.0	32202.0	30503.0	24734.0
117	39259.0	33527.0	33382.0	27452.0	33339.0	32579.0	33693.0	24699.0	32497.0	33847.0	38672.0	31201.0	33480.0	31640.0	24625.0	25669.0	31547.0	38016.0	27551.0	24891.0	26132.0	32125.0	34886.0	34867.0	33902.0	38293.0	32293.0	25115.0	25946.0	32192.0	33614.0	31932.0	38732.0	33345.0	31655.0	25353.0
118	40732.0	34062.0	34277.0	27177.0	34102.0	34464.0	34449.0	25695.0	32839.0	34310.0	39437.0	32411.0	34734.0	32207.0	25995.0	25401.0	32784.0	39682.0	29292.0	26248.0	27500.0	32956.0	35434.0	34998.0	34623.0	39427.0	32509.0	25079.0	25855.0	33077.0	34762.0	33187.0	39350.0	33796.0	32143.0	25920.0
119	37564.0	32120.0	32259.0	25772.0	31917.0	31824.0	32473.0	25211.0	30985.0	32128.0	37068.0	30550.0	32416.0	30263.0	24841.0	23520.0	31221.0	37176.0	27121.0	23828.0	25392.0	30357.0	34210.0	33060.0	32680.0	36395.0	30659.0	22092.0	24802.0	31127.0	32472.0	30259.0	37214.0	31300.0	30189.0	23774.0
120	37843.0	32057.0	32992.0	25600.0	32390.0	32338.0	32554.0	24034.0	31218.0	32738.0	37406.0	30959.0	33033.0	30397.0	23987.0	24258.0	30990.0	37653.0	27804.0	24703.0	25001.0	30482.0	33388.0	33373.0	32796.0	37284.0	30604.0	22710.0	24586.0	30969.0	32932.0	30869.0	37723.0	31856.0	31011.0	24000.0
121	39621.0	34412.0	33399.0	27483.0	33948.0	34350.0	34451.0	26383.0	31948.0	34298.0	38547.0	32595.0	34408.0	32171.0	26503.0	26006.0	33025.0	38704.0	28839.0	26527.0	26359.0	32941.0	35671.0	35210.0	34868.0	38927.0	32158.0	25357.0	26747.0	33222.0	34757.0	32740.0	38913.0	33296.0	32935.0	26378.0
122	38114.0	32185.0	32998.0	26293.0	33141.0	32145.0	33249.0	25257.0	31921.0	33081.0	38013.0	30418.0	33146.0	30796.0	24576.0	24394.0	31255.0	38059.0	27508.0	25653.0	25460.0	31492.0	33754.0	33412.0	33146.0	37348.0	30664.0	23986.0	24049.0	30950.0	33247.0	31497.0	37940.0	32268.0	29853.0	24411.0
123	40577.0	34645.0	35358.0	28702.0	35461.0	34789.0	35417.0	26388.0	34521.0	35211.0	40525.0	33504.0	36037.0	33206.0	27232.0	26952.0	34335.0	40053.0	29805.0	27140.0	28374.0	33604.0	36603.0	35975.0	35672.0	40094.0	32863.0	26181.0	27819.0	33795.0	35543.0	33443.0	40271.0	34866.0	34029.0	28351.0
124	38684.0	34187.0	32414.0	26449.0	32873.0	32650.0	34504.0	25802.0	31237.0	33058.0	38529.0	30471.0	34574.0	31018.0	25018.0	23758.0	31553.0	37600.0	29208.0	25306.0	25501.0	31315.0	34402.0	33463.0	34405.0	38433.0	30854.0	23876.0	24638.0	31254.0	34503.0	31359.0	38157.0	32718.0	30896.0	24142.0
125	40464.0	33787.0	34103.0	27011.0	33846.0	33918.0	35090.0	25343.0	32582.0	34144.0	39455.0	32809.0	34462.0	32077.0	25291.0	25160.0	32346.0	39465.0	28089.0	25898.0	26301.0	32820.0	35718.0	35416.0	34693.0	39557.0	32248.0	24153.0	25562.0	32424.0	34738.0	32643.0	39278.0	33714.0	32386.0	25527.0
126	40117.0	34459.0	33867.0	27030.0	33984.0	34671.0	34150.0	25764.0	32470.0	34188.0	38984.0	32243.0	34195.0	32070.0	25090.0	24792.0	32690.0	39508.0	28191.0	25725.0	26814.0	32341.0	35722.0	34910.0	34298.0	38787.0	32518.0	24718.0	25819.0	33399.0	34884.0	32645.0	39378.0	33218.0	32964.0	25698.0
127	38303.0	31940.0	31784.0	24791.0	31250.0	31113.0	32599.0	23344.0	30395.0	32349.0	36744.0	29763.0	32675.0	30552.0	22798.0	22678.0	30167.0	36636.0	25887.0	23486.0	24695.0	30323.0	32703.0	32109.0	32016.0	37932.0	30442.0	21741.0	22506.0	29727.0	32276.0	30364.0	36828.0	31084.0	29294.0	22906.0
128	39607.0	33549.0	34384.0	27666.0	34350.0	33853.0	34188.0	25582.0	33620.0	34253.0	39594.0	32368.0	34369.0	32602.0	26522.0	24750.0	33059.0	39314.0	28723.0	26305.0	27015.0	32776.0	35654.0	34794.0	34606.0	39348.0	32551.0	25612.0	26742.0	32568.0	34144.0	32970.0	39455.0	34247.0	31693.0	26007.0
129	38151.0	32314.0	31949.0	25217.0	32144.0	32102.0	32883.0	23810.0	30734.0	32234.0	37406.0	30973.0	33215.0	30323.0	23687.0	23273.0	30449.0	37937.0	26274.0	24043.0	24785.0	30452.0	33794.0	33467.0	33247.0	37647.0	30661.0	22500.0	23829.0	30965.0	32802.0	30769.0	37942.0	31787.0	30674.0	23821.0
130	39342.0	32999.0	32767.0	25369.0	33205.0	32638.0	33566.0	24012.0	31521.0	33076.0	38269.0	31214.0	33543.0	30663.0	23815.0	23348.0	31242.0	37926.0	27235.0	24548.0	25106.0	31301.0	34103.0	33855.0	33198.0	38280.0	30868.0	22843.0	24001.0	31532.0	33324.0	31416.0	38165.0	32164.0	31229.0	24344.0
131	39727.0	33549.0	33230.0	26296.0	33677.0	33474.0	34223.0	24873.0	32047.0	34152.0	39354.0	32115.0	34270.0	32377.0	24091.0	24830.0	32183.0	39336.0	28127.0	25682.0	26164.0	31838.0	35253.0	34280.0	34256.0	39200.0	31563.0	24267.0	24546.0	32171.0	34165.0	32341.0	38980.0	33399.0	31613.0	24661.0
132	38183.0	32536.0	32537.0	26769.0	33159.0	32719.0	33148.0	24046.0	32003.0	33092.0	38181.0	30935.0	33302.0	30986.0	24384.0	24895.0	32325.0	37991.0	27785.0	24648.0	26523.0	31208.0	34046.0	34143.0	33029.0	37548.0	31506.0	22845.0	24362.0	31421.0	33333.0	31863.0	38070.0	32460.0	30570.0	24319.0
133	39632.0	32783.0	32838.0	25346.0	32472.0	32741.0	34014.0	25597.0	31460.0	33280.0	37950.0	31790.0	33670.0	32172.0	24402.0	23784.0	32109.0	38533.0	27728.0	25130.0	25464.0	31360.0	34424.0	33385.0	33471.0	38570.0	31388.0	23682.0	24485.0	31539.0	33617.0	31548.0	37896.0	33004.0	30991.0	24053.0
134	38999.0	33102.0	32956.0	26165.0	32839.0	33086.0	33865.0	24508.0	31632.0	33822.0	38199.0	31196.0	33416.0	31372.0	24874.0	24525.0	31568.0	38329.0	27713.0	24854.0	26257.0	32636.0	34367.0	34009.0	34240.0	38471.0	31528.0	24767.0	24151.0	31654.0	33819.0	31558.0	38794.0	32198.0	31551.0	24014.0
135	40755.0	34201.0	34968.0	27352.0	35368.0	34828.0	35004.0	25596.0	33164.0	34799.0	40124.0	33831.0	35510.0	32655.0	26104.0	25675.0	33477.0	40474.0	28930.0	26185.0	27223.0	33481.0	36829.0	35713.0	35049.0	39989.0	32955.0	25750.0	26382.0	33775.0	35323.0	33142.0	40209.0	34379.0	33144.0	26427.0
136	40054.0	33509.0	33790.0	27105.0	33292.0	33674.0	34311.0	25246.0	32235.0	33905.0	38903.0	31830.0	34297.0	32219.0	25236.0	25224.0	32238.0	39181.0	28177.0	26147.0	26370.0	32262.0	35645.0	34852.0	34188.0	38818.0	32290.0	24493.0	25754.0	32445.0	34401.0	32891.0	39043.0	33613.0	32022.0	25602.0
137	39767.0	33455.0	33648.0	26384.0	33249.0	33834.0	33843.0	24702.0	31996.0	33798.0	39136.0	32235.0	34362.0	31785.0	24741.0	24888.0	32427.0	38751.0	27790.0	24418.0	26483.0	32444.0	35726.0	34562.0	34065.0	38858.0	32127.0	23452.0	24785.0	32090.0	33719.0	32224.0	39268.0	33282.0	31985.0	25186.0
138	39145.0	33050.0	32961.0	25822.0	33353.0	33489.0	33655.0	24409.0	31178.0	33428.0	37917.0	31661.0	33665.0	31108.0	24148.0	24181.0	32689.0	38108.0	27584.0	25644.0	25572.0	31420.0	34671.0	34086.0	33522.0	37577.0	31621.0	23614.0	25758.0	31955.0	34192.0	32057.0	37801.0	32364.0	31688.0	25317.0
139	40644.0	34245.0	33797.0	26387.0	33502.0	33881.0	35052.0	25470.0	32422.0	34513.0	39503.0	32362.0	34460.0	32153.0	25277.0	24550.0	32797.0	39691.0	28786.0	25716.0	26667.0	32261.0	35794.0	35019.0	34595.0	39469.0	32395.0	23983.0	25084.0	32702.0	34498.0	32516.0	39511.0	33106.0	32206.0	25763.0
140	39474.0	33313.0	33060.0	26409.0	33313.0	33943.0	34144.0	25504.0	31556.0	33920.0	38838.0	31873.0	34343.0	32001.0	24954.0	24602.0	32178.0	38868.0	27912.0	25108.0	26536.0	31962.0	34710.0	34624.0	34498.0	39147.0	32171.0	23908.0	24755.0	32355.0	33911.0	32211.0	39124.0	32919.0	32353.0	25181.0
141	40127.0	34321.0	34305.0	27366.0	34117.0	33635.0	34825.0	26003.0	32633.0	34107.0	39780.0	32314.0	34791.0	32317.0	25884.0	25128.0	32987.0	39871.0	29363.0	26312.0	26855.0	32507.0	36460.0	35330.0	35076.0	39778.0	32028.0	24425.0	25541.0	32984.0	34945.0	32948.0	39741.0	34194.0	32606.0	25729.0
142	39879.0	34135.0	34042.0	26835.0	33627.0	34036.0	34438.0	24765.0	32849.0	34316.0	39521.0	32298.0	34521.0	32589.0	25728.0	24930.0	33231.0	39684.0	27874.0	25754.0	26062.0	32849.0	35979.0	35040.0	34349.0	39652.0	32370.0	24075.0	25533.0	32045.0	34393.0	31869.0	39294.0	33536.0	32433.0	25002.0
143	39591.0	33634.0	33705.0	26233.0	33153.0	33749.0	33881.0	24862.0	32135.0	33966.0	38813.0	32699.0	34059.0	31355.0	25176.0	24181.0	32300.0	39371.0	28013.0	25339.0	25918.0	32205.0	35565.0	34648.0	33908.0	38919.0	31892.0	23599.0	25065.0	32500.0	33918.0	32332.0	38858.0	32838.0	31680.0	25347.0
144	39313.0	32711.0	33335.0	25822.0	33128.0	33736.0	33633.0	24035.0	32007.0	33428.0	38770.0	31523.0	33896.0	31368.0	24366.0	23883.0	31992.0	38502.0	27812.0	24812.0	26275.0	31757.0	35314.0	33980.0	34125.0	38836.0	31288.0	24188.0	24478.0	31378.0	33966.0	32308.0	38431.0	32382.0	31553.0	23984.0
145	40456.0	35195.0	35466.0	29622.0	35067.0	35291.0	34420.0	28166.0	34737.0	35262.0	39800.0	34287.0	34677.0	34485.0	28283.0	26785.0	34741.0	40105.0	27778.0	28490.0	29255.0	33749.0	37333.0	36850.0	34756.0	40225.0	34172.0	26772.0	28689.0	33227.0	35552.0	34665.0	40235.0	34690.0	33767.0	28475.0
146	40321.0	35593.0	35108.0	29301.0	35376.0	35089.0	36031.0	28566.0	33933.0	35061.0	39423.0	33924.0	35877.0	34102.0	28238.0	27313.0	33906.0	39663.0	29918.0	28558.0	28523.0	33826.0	36657.0	35468.0	36028.0	39798.0	33850.0	27156.0	28115.0	33352.0	35901.0	33409.0	39593.0	34372.0	33721.0	27164.0
147	39082.0	34228.0	33819.0	28133.0	33672.0	34152.0	34275.0	27113.0	32721.0	34392.0	38957.0	32755.0	34923.0	33003.0	27381.0	26483.0	32717.0	38497.0	29757.0	27775.0	27619.0	33073.0	35176.0	34988.0	34734.0	37851.0	32907.0	24926.0	26886.0	32510.0	34793.0	32810.0	38191.0	33483.0	32965.0	26532.0
148	39192.0	33179.0	33130.0	26513.0	33055.0	32451.0	33874.0	24738.0	31676.0	32988.0	38680.0	31308.0	33814.0	31680.0	25038.0	24505.0	31597.0	38012.0	27835.0	25727.0	25837.0	31540.0	34860.0	33827.0	33806.0	38110.0	31398.0	24040.0	25460.0	31198.0	34316.0	31789.0	38339.0	32843.0	31768.0	24945.0
149	39621.0	33897.0	34294.0	28610.0	34616.0	34497.0	34950.0	26696.0	33230.0	34490.0	39678.0	32964.0	34804.0	33228.0	27207.0	25778.0	33435.0	39657.0	29078.0	27368.0	27789.0	33100.0	36132.0	35986.0	34911.0	39384.0	33020.0	25067.0	26446.0	33285.0	34913.0	32861.0	39913.0	34075.0	33370.0	27546.0
150	39101.0	33635.0	33796.0	26525.0	33043.0	34208.0	33803.0	25926.0	32043.0	33446.0	38618.0	32481.0	34048.0	32659.0	26027.0	24700.0	31967.0	38761.0	28288.0	26353.0	26678.0	32489.0	35393.0	34777.0	33925.0	38887.0	32051.0	24087.0	25754.0	31943.0	34779.0	32071.0	38229.0	33114.0	33482.0	27132.0
151	38763.0	32691.0	32662.0	26012.0	32630.0	32772.0	33414.0	25039.0	31591.0	33182.0	37541.0	31548.0	33677.0	31244.0	25176.0	24397.0	31204.0	38174.0	28504.0	25812.0	25515.0	30838.0	34565.0	33844.0	33813.0	37796.0	31414.0	23668.0	24607.0	31741.0	33492.0	31096.0	37899.0	32263.0	30928.0	25119.0
152	39486.0	33556.0	33414.0	26852.0	33311.0	33831.0	34033.0	25034.0	31881.0	34039.0	38647.0	32010.0	34190.0	31956.0	25983.0	25287.0	31744.0	39309.0	28703.0	26042.0	27014.0	32087.0	35035.0	35223.0	34929.0	39066.0	32294.0	24536.0	25738.0	32064.0	34390.0	31868.0	38978.0	33000.0	32347.0	24955.0
153	39385.0	34208.0	33997.0	29676.0	35805.0	35708.0	34563.0	26290.0	32519.0	35311.0	40328.0	34804.0	34597.0	32957.0	26245.0	27994.0	34107.0	39915.0	29009.0	27296.0	27696.0	34349.0	36886.0	36529.0	34871.0	39348.0	33212.0	27235.0	29002.0	34643.0	34400.0	32240.0	39661.0	34879.0	34269.0	28714.0
154	36885.0	32145.0	31733.0	26040.0	31955.0	31194.0	32553.0	24893.0	30561.0	32159.0	36979.0	30568.0	33067.0	30549.0	24758.0	24480.0	30671.0	36093.0	27396.0	25693.0	25636.0	30123.0	33430.0	33174.0	32579.0	36259.0	30589.0	23123.0	24042.0	30510.0	31983.0	30880.0	36237.0	31149.0	30505.0	25201.0
155	38914.0	33432.0	33242.0	27524.0	33149.0	33845.0	34328.0	26610.0	32613.0	34074.0	37707.0	32277.0	34287.0	32367.0	25882.0	25552.0	32197.0	37834.0	28963.0	27450.0	27668.0	31944.0	35029.0	35185.0	34068.0	37971.0	32527.0	25114.0	26252.0	32128.0	34323.0	31405.0	37933.0	32819.0	32513.0	26445.0
156	38040.0	33034.0	31803.0	24320.0	31535.0	31938.0	33760.0	24027.0	30435.0	31707.0	37472.0	30168.0	33785.0	30004.0	24300.0	23181.0	30168.0	36952.0	28658.0	24088.0	24841.0	30699.0	33269.0	33083.0	33560.0	36954.0	30166.0	22601.0	23806.0	30734.0	33658.0	30358.0	36333.0	30984.0	30242.0	23630.0
157	39748.0	33874.0	33542.0	27201.0	33926.0	33412.0	34156.0	26830.0	32362.0	34195.0	39147.0	32264.0	34696.0	32908.0	25665.0	25024.0	32311.0	39357.0	29515.0	26271.0	27605.0	32289.0	34784.0	35336.0	35489.0	39146.0	31888.0	24103.0	25200.0	32633.0	34665.0	32433.0	38983.0	33242.0	32036.0	26167.0
158	39319.0	33530.0	33163.0	27155.0	33705.0	32952.0	33950.0	25381.0	31783.0	33253.0	38589.0	31543.0	33700.0	31657.0	25950.0	24423.0	31747.0	38289.0	28737.0	25454.0	27421.0	31873.0	34752.0	34469.0	34234.0	38771.0	33103.0	24081.0	24987.0	32074.0	33657.0	32327.0	38454.0	32826.0	31468.0	25585.0
159	38184.0	32354.0	32487.0	25422.0	32406.0	32124.0	32864.0	23977.0	30403.0	32515.0	37856.0	31109.0	33256.0	30504.0	24954.0	24289.0	30821.0	37814.0	27328.0	25061.0	25641.0	31694.0	34013.0	33687.0	33062.0	37171.0	30812.0	24839.0	24256.0	31304.0	32857.0	31405.0	37067.0	32030.0	31025.0	25212.0
160	40054.0	33736.0	34476.0	27098.0	33589.0	33906.0	34506.0	26884.0	32932.0	34336.0	39393.0	33106.0	34832.0	32650.0	26210.0	25960.0	33140.0	39293.0	28682.0	27028.0	26631.0	32940.0	35723.0	35192.0	35042.0	39327.0	32906.0	25082.0	25906.0	32779.0	34498.0	32949.0	39175.0	33369.0	32979.0	26837.0
161	39634.0	32954.0	32371.0	25849.0	32571.0	32930.0	34056.0	25182.0	31237.0	32880.0	37684.0	31485.0	33591.0	31637.0	24759.0	24152.0	31370.0	38245.0	28050.0	25312.0	26032.0	31682.0	34377.0	34541.0	33509.0	37938.0	31715.0	23920.0	24841.0	31723.0	33695.0	31347.0	37798.0	32271.0	31612.0	24686.0
162	39184.0	33125.0	33510.0	25899.0	32819.0	33135.0	33831.0	25251.0	31599.0	33181.0	38208.0	31469.0	33750.0	31592.0	25554.0	24533.0	31661.0	38428.0	27836.0	26016.0	26430.0	31400.0	34503.0	34397.0	33952.0	38258.0	32092.0	23332.0	24928.0	31584.0	34574.0	31889.0	38965.0	32486.0	31767.0	25418.0
163	39611.0	33246.0	33566.0	27168.0	33794.0	33420.0	33879.0	25333.0	32163.0	33937.0	38938.0	32284.0	33596.0	32402.0	25470.0	24907.0	32260.0	38872.0	28487.0	26065.0	26940.0	31747.0	35372.0	35254.0	34375.0	38878.0	32063.0	24186.0	25514.0	32161.0	34358.0	32688.0	39162.0	32902.0	32199.0	26195.0
164	39845.0	33411.0	33188.0	26705.0	33679.0	33247.0	33688.0	25738.0	32296.0	33675.0	39131.0	32664.0	34097.0	32592.0	24879.0	24691.0	32351.0	38865.0	28729.0	25890.0	26281.0	32253.0	35590.0	35244.0	34133.0	38145.0	32292.0	23783.0	25850.0	32022.0	34413.0	32070.0	38579.0	33020.0	32089.0	25382.0
165	40688.0	34433.0	34589.0	27922.0	34183.0	34282.0	35432.0	26625.0	32884.0	34790.0	39432.0	33050.0	35851.0	33507.0	26937.0	26054.0	33251.0	39925.0	29919.0	27619.0	27806.0	33745.0	36322.0	36029.0	35083.0	39862.0	33144.0	25129.0	26937.0	32963.0	35441.0	33032.0	40098.0	33893.0	33488.0	26293.0
166	39108.0	33428.0	32971.0	26549.0	33026.0	33627.0	34293.0	24947.0	31492.0	33609.0	38169.0	32496.0	34436.0	31081.0	25432.0	24759.0	31786.0	39087.0	28492.0	25494.0	25872.0	32153.0	35453.0	35140.0	34143.0	38137.0	31914.0	24209.0	25824.0	32624.0	33282.0	31953.0	38482.0	32741.0	32089.0	26206.0
167	39969.0	34303.0	34031.0	29036.0	34906.0	34878.0	34969.0	27116.0	32166.0	34593.0	39384.0	34089.0	34779.0	33253.0	26430.0	26482.0	33588.0	39226.0	29959.0	27614.0	27182.0	33574.0	36339.0	35986.0	35731.0	39122.0	33869.0	26090.0	27461.0	33215.0	34651.0	31935.0	39311.0	34755.0	33477.0	27665.0
168	38016.0	33833.0	33057.0	27063.0	33096.0	33335.0	33498.0	27384.0	32238.0	33483.0	38024.0	32100.0	34031.0	32177.0	26572.0	25851.0	32296.0	37860.0	28972.0	26947.0	27992.0	31841.0	34591.0	34340.0	34219.0	37578.0	31952.0	25298.0	26731.0	31584.0	33953.0	31897.0	37507.0	32696.0	32169.0	26384.0
169	39080.0	33598.0	33994.0	28119.0	33479.0	32871.0	34659.0	26577.0	32409.0	33895.0	37989.0	31721.0	34391.0	32278.0	26917.0	26124.0	31648.0	38309.0	29102.0	26760.0	27956.0	32132.0	34926.0	34937.0	34807.0	38460.0	32676.0	25292.0	26490.0	32050.0	33836.0	32740.0	38527.0	32751.0	32265.0	25944.0
170	39249.0	34044.0	33486.0	28262.0	33620.0	33338.0	34409.0	26946.0	32786.0	34251.0	38213.0	33041.0	34596.0	32703.0	27077.0	27506.0	32306.0	38302.0	29435.0	28181.0	28176.0	32879.0	35237.0	35158.0	34915.0	38437.0	32868.0	25645.0	26803.0	33075.0	34566.0	32456.0	38803.0	33440.0	32705.0	26646.0
171	38516.0	33661.0	32955.0	27449.0	33819.0	33457.0	33220.0	26915.0	32551.0	33587.0	38156.0	33032.0	33517.0	32879.0	26523.0	25747.0	31863.0	38496.0	27373.0	27407.0	28137.0	31935.0	35701.0	34350.0	33918.0	38395.0	32699.0	25163.0	26330.0	32650.0	33903.0	32233.0	37941.0	32977.0	32172.0	26116.0
172	37708.0	32366.0	32920.0	26844.0	32605.0	32476.0	33246.0	25952.0	31790.0	32903.0	36723.0	31026.0	33305.0	32166.0	26219.0	25432.0	31164.0	37118.0	28322.0	26804.0	27014.0	31384.0	33870.0	33467.0	32992.0	37180.0	31436.0	25056.0	25976.0	31075.0	33360.0	31474.0	37369.0	32364.0	31231.0	25638.0
173	40536.0	35625.0	35215.0	29344.0	35319.0	35709.0	35159.0	28821.0	34155.0	36007.0	39709.0	34567.0	35438.0	34850.0	28237.0	28548.0	34061.0	39858.0	30354.0	29388.0	29329.0	34396.0	37047.0	36329.0	35680.0	39914.0	34482.0	27554.0	29015.0	34471.0	35654.0	34151.0	40306.0	35108.0	35029.0	28412.0
174	39751.0	34578.0	34715.0	29055.0	34797.0	34307.0	35695.0	27768.0	33999.0	34933.0	39454.0	33274.0	35726.0	33533.0	27806.0	27178.0	33022.0	38938.0	31207.0	28462.0	28844.0	33403.0	36287.0	35680.0	35258.0	39625.0	34112.0	26508.0	27347.0	32914.0	35414.0	33806.0	39489.0	33859.0	33617.0	27048.0
175	38450.0	33138.0	33010.0	26770.0	33105.0	33358.0	33817.0	26447.0	32448.0	33115.0	37979.0	32013.0	33816.0	32197.0	26055.0	25926.0	31799.0	38179.0	28844.0	27239.0	27313.0	32490.0	34954.0	34858.0	34031.0	37644.0	32000.0	24878.0	26558.0	32390.0	34101.0	31955.0	37637.0	32622.0	32347.0	27218.0
176	39070.0	34212.0	34280.0	27712.0	34107.0	34358.0	34786.0	26601.0	33047.0	34595.0	38573.0	33052.0	34715.0	33790.0	27185.0	26173.0	33132.0	38730.0	29747.0	28346.0	28631.0	32485.0	35837.0	35782.0	34566.0	39016.0	33303.0	25876.0	27790.0	32436.0	34759.0	32812.0	38937.0	33125.0	32838.0	27311.0
177	39413.0	33792.0	34735.0	27595.0	34277.0	34012.0	34632.0	26680.0	33332.0	34209.0	38767.0	33054.0	34382.0	33109.0	26712.0	25817.0	32813.0	38406.0	29199.0	27660.0	28154.0	33231.0	35484.0	34790.0	34584.0	38852.0	32940.0	26033.0	26335.0	33271.0	34519.0	32738.0	38829.0	33494.0	32524.0	27728.0
178	39129.0	33986.0	33748.0	27262.0	33813.0	33353.0	34979.0	26633.0	31937.0	34081.0	38417.0	32589.0	34558.0	32536.0	25881.0	26211.0	32553.0	38425.0	29126.0	27175.0	27517.0	33369.0	35075.0	34865.0	34285.0	38508.0	32883.0	25416.0	26716.0	32869.0	34831.0	32043.0	37816.0	33572.0	32449.0	25893.0
179	37579.0	32424.0	32417.0	26001.0	32322.0	32898.0	32616.0	25620.0	31377.0	31788.0	37227.0	30986.0	33393.0	31840.0	25488.0	24140.0	30866.0	36698.0	28078.0	26196.0	26275.0	30659.0	33972.0	33583.0	33082.0	37250.0	30948.0	23873.0	25934.0	30962.0	33619.0	31806.0	36730.0	31598.0	31471.0	24715.0
180	38227.0	32793.0	33348.0	27114.0	32446.0	32491.0	33861.0	26587.0	31810.0	32620.0	37102.0	31305.0	33362.0	31801.0	26332.0	25293.0	31562.0	37111.0	28365.0	27317.0	26801.0	31757.0	33882.0	33918.0	33199.0	37990.0	32032.0	24907.0	25563.0	31595.0	33541.0	32565.0	37460.0	32556.0	31551.0	25957.0
181	39746.0	34854.0	33890.0	28152.0	33982.0	34341.0	34817.0	27478.0	32364.0	34819.0	38548.0	33475.0	34724.0	33060.0	27398.0	26633.0	32837.0	38670.0	30361.0	27980.0	28230.0	32519.0	34804.0	35449.0	34938.0	38673.0	32327.0	26299.0	26570.0	33241.0	35290.0	32784.0	38680.0	33636.0	32530.0	27211.0
182	38693.0	32153.0	32439.0	25803.0	32229.0	33064.0	33485.0	23996.0	31072.0	32571.0	37837.0	31308.0	32976.0	31420.0	24560.0	23863.0	31141.0	38304.0	27311.0	25103.0	25676.0	31294.0	34067.0	34179.0	33020.0	37907.0	31045.0	23643.0	25291.0	31117.0	32784.0	31130.0	38127.0	31794.0	31612.0	24718.0
183	39274.0	33418.0	33453.0	26393.0	33427.0	33545.0	34564.0	25357.0	32292.0	33983.0	38266.0	32137.0	34443.0	32265.0	25906.0	25025.0	31857.0	39026.0	27963.0	26164.0	26406.0	32389.0	35341.0	35329.0	34128.0	38576.0	32090.0	24372.0	25380.0	32615.0	34149.0	32083.0	38710.0	32747.0	31973.0	25863.0
184	39815.0	34074.0	33685.0	27009.0	34208.0	33842.0	34495.0	26223.0	32762.0	34126.0	39423.0	32941.0	34581.0	32887.0	26481.0	25275.0	32497.0	39212.0	29209.0	27496.0	27667.0	32758.0	35788.0	35115.0	34930.0	39346.0	32814.0	24770.0	25663.0	32393.0	34862.0	32491.0	39229.0	33491.0	33233.0	26181.0
185	40279.0	35002.0	34635.0	28556.0	34392.0	34651.0	35598.0	28138.0	33931.0	34916.0	39403.0	33102.0	35234.0	34073.0	27548.0	26643.0	33266.0	39770.0	30033.0	28629.0	29385.0	33489.0	36601.0	36362.0	36162.0	40026.0	34484.0	25579.0	27806.0	33162.0	35841.0	33709.0	39917.0	34530.0	33355.0	27286.0
186	38907.0	32244.0	33421.0	27256.0	33503.0	33236.0	33392.0	25198.0	31503.0	33922.0	38188.0	31623.0	33553.0	32031.0	25487.0	25896.0	31775.0	38457.0	28121.0	25984.0	26594.0	31468.0	34422.0	34631.0	33223.0	37339.0	31985.0	24218.0	25332.0	31975.0	34230.0	31812.0	38649.0	32264.0	31668.0	25894.0
187	38824.0	33827.0	33951.0	27117.0	33327.0	33937.0	33939.0	26377.0	32641.0	34120.0	38913.0	33140.0	34688.0	33175.0	26729.0	25729.0	32923.0	39089.0	29369.0	27318.0	27752.0	32831.0	35931.0	35140.0	34353.0	38698.0	33536.0	26367.0	26932.0	32470.0	34806.0	33222.0	39016.0	33745.0	33000.0	26020.0
188	38790.0	33397.0	32515.0	27542.0	33687.0	33968.0	33931.0	25323.0	32055.0	33592.0	38559.0	32222.0	32611.0	32388.0	25001.0	24403.0	32409.0	38014.0	27437.0	26016.0	25621.0	31745.0	35270.0	34524.0	33795.0	38030.0	31767.0	26141.0	26359.0	33149.0	33426.0	31764.0	38183.0	33208.0	32821.0	27471.0
189	36471.0	31966.0	32020.0	25959.0	31519.0	31953.0	32434.0	25719.0	31339.0	31997.0	36168.0	30740.0	32932.0	30932.0	25568.0	24284.0	30604.0	36551.0	27581.0	26316.0	26337.0	30939.0	33222.0	33353.0	33197.0	36156.0	31376.0	24483.0	25011.0	30536.0	32789.0	30609.0	36417.0	31591.0	31135.0	25360.0
190	37359.0	32215.0	32174.0	24894.0	30695.0	30088.0	32789.0	25235.0	30898.0	31014.0	35976.0	29212.0	32704.0	30684.0	24166.0	22565.0	29595.0	36087.0	27674.0	25742.0	24448.0	29611.0	32211.0	31670.0	32608.0	36960.0	29239.0	21622.0	23528.0	29465.0	32687.0	30972.0	35928.0	30118.0	29458.0	22535.0
191	39713.0	33580.0	33848.0	27209.0	33137.0	33006.0	34086.0	25729.0	32007.0	34380.0	38323.0	32564.0	34460.0	32220.0	25899.0	25282.0	31804.0	38761.0	29039.0	26597.0	26758.0	32209.0	34831.0	34757.0	34779.0	39114.0	31840.0	24192.0	25652.0	31755.0	34686.0	32061.0	38148.0	32905.0	31557.0	25459.0
192	40085.0	34254.0	34339.0	27695.0	33492.0	33645.0	34894.0	27162.0	32851.0	33668.0	38634.0	33100.0	34824.0	33381.0	26592.0	25213.0	32183.0	39129.0	29154.0	27429.0	27524.0	32766.0	35137.0	34854.0	34455.0	39057.0	33381.0	24887.0	26046.0	31808.0	34421.0	32334.0	38863.0	32896.0	32497.0	25659.0
193	40456.0	34471.0	34584.0	28041.0	34077.0	34561.0	35310.0	26570.0	33820.0	34836.0	39874.0	33390.0	35345.0	33522.0	27350.0	25994.0	33236.0	40067.0	29123.0	27448.0	27889.0	33553.0	36280.0	36011.0	35191.0	39903.0	33491.0	25089.0	26471.0	33305.0	35684.0	32911.0	39956.0	33992.0	33761.0	26663.0
194	40051.0	35402.0	35077.0	29373.0	35653.0	34925.0	35686.0	28241.0	34021.0	35710.0	40005.0	34439.0	35603.0	34302.0	28458.0	27445.0	34314.0	39895.0	30507.0	28799.0	29206.0	33960.0	36890.0	36481.0	35604.0	39181.0	34009.0	27123.0	28289.0	33842.0	36148.0	33887.0	39520.0	35001.0	34224.0	28541.0
195	38599.0	33558.0	32962.0	27239.0	33052.0	33512.0	33493.0	26634.0	31793.0	33603.0	37932.0	31782.0	33700.0	31952.0	26002.0	25892.0	31984.0	37449.0	28391.0	27259.0	26752.0	31759.0	34332.0	34377.0	33820.0	37610.0	31965.0	25164.0	26209.0	32138.0	33533.0	32077.0	37498.0	32229.0	31609.0	26685.0
196	38106.0	32962.0	33311.0	26708.0	32166.0	32501.0	33344.0	26348.0	31585.0	33012.0	37351.0	31402.0	33378.0	31937.0	25394.0	25284.0	30006.0	37172.0	28635.0	25987.0	26652.0	31236.0	33561.0	33774.0	33281.0	37609.0	31380.0	24295.0	24820.0	30784.0	33272.0	31355.0	37309.0	32061.0	30681.0	25252.0
197	39429.0	33313.0	33879.0	25950.0	33029.0	32888.0	34481.0	27342.0	32614.0	32798.0	37920.0	31743.0	34738.0	33136.0	26244.0	24591.0	31536.0	38156.0	29306.0	27435.0	27644.0	31689.0	34331.0	34173.0	34310.0	38904.0	31753.0	23533.0	24942.0	31524.0	34378.0	32972.0	37847.0	32862.0	31440.0	25373.0
198	40439.0	34240.0	33665.0	27797.0	33936.0	34209.0	35021.0	26593.0	33037.0	35224.0	38945.0	32750.0	34893.0	33082.0	26984.0	26799.0	32638.0	39413.0	29182.0	26657.0	27769.0	33064.0	35737.0	35216.0	34524.0	39322.0	33367.0	25428.0	26367.0	32600.0	34635.0	32858.0	39180.0	33887.0	33298.0	25410.0
199	36886.0	31087.0	31275.0	24181.0	31662.0	31346.0	31952.0	23390.0	29635.0	30841.0	36017.0	29844.0	31925.0	30183.0	22623.0	22287.0	29139.0	36905.0	26086.0	23944.0	24068.0	29129.0	32338.0	32949.0	31565.0	37239.0	29470.0	21974.0	22886.0	29777.0	31561.0	29499.0	36118.0	30400.0	29602.0	23316.0
200	40020.0	33459.0	33355.0	26632.0	33627.0	33567.0	34200.0	25261.0	32057.0	33138.0	38813.0	32320.0	34277.0	32512.0	25514.0	24599.0	31796.0	38764.0	28192.0	26462.0	26199.0	31898.0	35502.0	34797.0	33974.0	39086.0	32059.0	23945.0	26197.0	31811.0	34020.0	32006.0	38844.0	33010.0	32836.0	25470.0
