	<n>	f
0	0.02245767472505127	3670000000.0
1	0.024841189410845173	3670200000.0
2	0.025218208749514557	3670400000.0
3	0.021256217849566595	3670600000.0
4	0.023259546281328702	3670800000.0
5	0.019152485791545736	3671000000.0
6	0.020487528749539238	3671200000.0
7	0.029253539483652	3671400000.0
8	0.026924307902393203	3671600000.0
9	0.026775185410690645	3671800000.0
10	0.02220368239445103	3672000000.0
11	0.021281873534882367	3672200000.0
12	0.02419042226717232	3672400000.0
13	0.026951860650550316	3672600000.0
14	0.022424684041667864	3672800000.0
15	0.01962344134678092	3673000000.0
16	0.0243879010338923	3673200000.0
17	0.0203467656297551	3673400000.0
18	0.02179779740205796	3673600000.0
19	0.021524126697222607	3673800000.0
20	0.026149103552341294	3674000000.0
21	0.020461941070551867	3674200000.0
22	0.022422574907628993	3674400000.0
23	0.02263389405359185	3674600000.0
24	0.021925086848048767	3674800000.0
25	0.023990956182856033	3675000000.0
26	0.017794204811841154	3675200000.0
27	0.022075296494296657	3675400000.0
28	0.022088355811930832	3675600000.0
29	0.019762745753878444	3675800000.0
30	0.02280734487763716	3676000000.0
31	0.02372075650791927	3676200000.0
32	0.02016439900442588	3676400000.0
33	0.01650964648662786	3676600000.0
34	0.019219694746264115	3676800000.0
35	0.015500170111640501	3677000000.0
36	0.022292007948378587	3677200000.0
37	0.021268277934329782	3677400000.0
38	0.019000766683120156	3677600000.0
39	0.01802712787714624	3677800000.0
40	0.020124936371534487	3678000000.0
41	0.020712513234798124	3678200000.0
42	0.015904990023637603	3678400000.0
43	0.016655120408672747	3678600000.0
44	0.02306191060819164	3678800000.0
45	0.01688420895850687	3679000000.0
46	0.023133925586640427	3679200000.0
47	0.017615477486688326	3679400000.0
48	0.02296397560482086	3679600000.0
49	0.022010960567637565	3679800000.0
50	0.01770766493223958	3680000000.0
51	0.020440391684945557	3680200000.0
52	0.021518546725982086	3680400000.0
53	0.020435075677239862	3680600000.0
54	0.021689690198659396	3680800000.0
55	0.01761766186920361	3681000000.0
56	0.021226500182155727	3681200000.0
57	0.018506151496035475	3681400000.0
58	0.021181866819516972	3681600000.0
59	0.022433981671718586	3681800000.0
60	0.016445612398413238	3682000000.0
61	0.020070889732203025	3682200000.0
62	0.022054802446796654	3682400000.0
63	0.026307148916723228	3682600000.0
64	0.020016193025314256	3682800000.0
65	0.017909425297647892	3683000000.0
66	0.017608954744767046	3683200000.0
67	0.01934325658154006	3683400000.0
68	0.01940331745354206	3683600000.0
69	0.01960205022397233	3683800000.0
70	0.018163307387618906	3684000000.0
71	0.024566685994767943	3684200000.0
72	0.02027898996910525	3684400000.0
73	0.011327944570679212	3684600000.0
74	0.01971412988947158	3684800000.0
75	0.01636832615555221	3685000000.0
76	0.018959281593388565	3685200000.0
77	0.01831904637913716	3685400000.0
78	0.02104768398848436	3685600000.0
79	0.019023309311019195	3685800000.0
80	0.014848402969689445	3686000000.0
81	0.017281032630148775	3686200000.0
82	0.017681562890411895	3686400000.0
83	0.020818441382264644	3686600000.0
84	0.021941714452906033	3686800000.0
85	0.020960102136219783	3687000000.0
86	0.017689304820315874	3687200000.0
87	0.019252348729345337	3687400000.0
88	0.021106570161743575	3687600000.0
89	0.019212853335630328	3687800000.0
90	0.023219117800758356	3688000000.0
91	0.023016539968198708	3688200000.0
92	0.0233985368135316	3688400000.0
93	0.018681567771018384	3688600000.0
94	0.021142480292847092	3688800000.0
95	0.021134268326083453	3689000000.0
96	0.021260330797280985	3689200000.0
97	0.01979211055932974	3689400000.0
98	0.02159565879098176	3689600000.0
99	0.02378730983391659	3689800000.0
100	0.0253813688950713	3690000000.0
101	0.021427443604647	3690200000.0
102	0.020898296509379244	3690400000.0
103	0.020611182910493325	3690600000.0
104	0.01960080014454169	3690800000.0
105	0.023213867601242104	3691000000.0
106	0.023791102861162625	3691200000.0
107	0.021199894282252125	3691400000.0
108	0.025757166510251697	3691600000.0
109	0.018879681966373997	3691800000.0
110	0.028915868688816036	3692000000.0
111	0.025554539868122762	3692200000.0
112	0.022534936973705396	3692400000.0
113	0.019684184046258	3692600000.0
114	0.021368363003693283	3692800000.0
115	0.022919222412788574	3693000000.0
116	0.02081972988339521	3693200000.0
117	0.02134887785647036	3693400000.0
118	0.02334983633080464	3693600000.0
119	0.022018215493269787	3693800000.0
120	0.023398635270789454	3694000000.0
121	0.02252287326553527	3694200000.0
122	0.025947300161646918	3694400000.0
123	0.023228442011245087	3694600000.0
124	0.021057674781273142	3694800000.0
125	0.018858962889346388	3695000000.0
126	0.019981286481574618	3695200000.0
127	0.024729007963137022	3695400000.0
128	0.023001703654101015	3695600000.0
129	0.01991703160383502	3695800000.0
130	0.024432042936943555	3696000000.0
131	0.01941992670797401	3696200000.0
132	0.02824584963230877	3696400000.0
133	0.024186224947257057	3696600000.0
134	0.02607470593630284	3696800000.0
135	0.025191244735613676	3697000000.0
136	0.02291175986880609	3697200000.0
137	0.023741892265896642	3697400000.0
138	0.020969330602112375	3697600000.0
139	0.023716597794799812	3697800000.0
140	0.020014209891086085	3698000000.0
141	0.023841092726067648	3698200000.0
142	0.022745523170847215	3698400000.0
143	0.020110995977035962	3698600000.0
144	0.017827204687308053	3698800000.0
145	0.02761316632677515	3699000000.0
146	0.02520091973070469	3699200000.0
147	0.019155831405421243	3699400000.0
148	0.023407307792368288	3699600000.0
149	0.025177598702675937	3699800000.0
150	0.026779333310637917	3700000000.0
151	0.029515683960731103	3700200000.0
152	0.026314650414528344	3700400000.0
153	0.023826081332541202	3700600000.0
154	0.031691804783457504	3700800000.0
155	0.027873307778972553	3701000000.0
156	0.02425037810892291	3701200000.0
157	0.02943425595427755	3701400000.0
158	0.03262031785971343	3701600000.0
159	0.031022146075176102	3701800000.0
160	0.03270421316023095	3702000000.0
161	0.030480923403276634	3702200000.0
162	0.03616330303064591	3702400000.0
163	0.03787416180618151	3702600000.0
164	0.037255164951333374	3702800000.0
165	0.052063216384012186	3703000000.0
166	0.06040244580385116	3703200000.0
167	0.07800751717647025	3703400000.0
168	0.09158756139886527	3703600000.0
169	0.11187022081101823	3703800000.0
170	0.12754043924943395	3704000000.0
171	0.1386889995534907	3704200000.0
172	0.16189552812308838	3704400000.0
173	0.20168489379005508	3704600000.0
174	0.23401243647710498	3704800000.0
175	0.24667886964121777	3705000000.0
176	0.22462427185530362	3705200000.0
177	0.18608950612785513	3705400000.0
178	0.1554270867820543	3705600000.0
179	0.12308876078951131	3705800000.0
180	0.10499702187905839	3706000000.0
181	0.07616957039325284	3706200000.0
182	0.0649204775520088	3706400000.0
183	0.056562405196492964	3706600000.0
184	0.04401807818899745	3706800000.0
185	0.03716981085736806	3707000000.0
186	0.034674022611066606	3707200000.0
187	0.03336353321675375	3707400000.0
188	0.03314192689701346	3707600000.0
189	0.032117724035623685	3707800000.0
190	0.0326814016452491	3708000000.0
191	0.03204590201612974	3708200000.0
192	0.03231698354802009	3708400000.0
193	0.03191671111290837	3708600000.0
194	0.028517068792997508	3708800000.0
195	0.02891811000429175	3709000000.0
196	0.026002510017238224	3709200000.0
197	0.02512005468207839	3709400000.0
198	0.026252942497138887	3709600000.0
199	0.025994044885840967	3709800000.0
200	0.02593121835523533	3710000000.0
201	0.0248746345565918	3710200000.0
202	0.025412391089561913	3710400000.0
203	0.030643408747516053	3710600000.0
204	0.023576031643787174	3710800000.0
205	0.023121699766647904	3711000000.0
206	0.02073763815570065	3711200000.0
207	0.01936927001221009	3711400000.0
208	0.019440841317101082	3711600000.0
209	0.017291002955847026	3711800000.0
210	0.015967017048152673	3712000000.0
211	0.016065805275501343	3712200000.0
212	0.01868306477032095	3712400000.0
213	0.025721736264644347	3712600000.0
214	0.02329092233706715	3712800000.0
215	0.02116147231093769	3713000000.0
216	0.02895232236808765	3713200000.0
217	0.022861609745868115	3713400000.0
218	0.022831085701258417	3713600000.0
219	0.01912743655344664	3713800000.0
220	0.02195210517388371	3714000000.0
221	0.030764807431853457	3714200000.0
222	0.027954732007209753	3714400000.0
223	0.03330181115469087	3714600000.0
224	0.03344848806341495	3714800000.0
225	0.03483544730298611	3715000000.0
226	0.03261630121353734	3715200000.0
227	0.0322539586073832	3715400000.0
228	0.03896626962811055	3715600000.0
229	0.038712657898227996	3715800000.0
230	0.041622163558907604	3716000000.0
231	0.04055209691194674	3716200000.0
232	0.04556014220385289	3716400000.0
233	0.04823627087020208	3716600000.0
234	0.05072523694124191	3716800000.0
235	0.04551393645234935	3717000000.0
236	0.04788166770454374	3717200000.0
237	0.04745905453668162	3717400000.0
238	0.0385783769832303	3717600000.0
239	0.029098262972793502	3717800000.0
240	0.0360570368490889	3718000000.0
241	0.029307514976025118	3718200000.0
242	0.031312785851435036	3718400000.0
243	0.02925825903015852	3718600000.0
244	0.030312701179909654	3718800000.0
245	0.029372830131383292	3719000000.0
246	0.032903466379328034	3719200000.0
247	0.03438004088780743	3719400000.0
248	0.034560192623080556	3719600000.0
249	0.03310304592764245	3719800000.0
250	0.03537433861545243	3720000000.0
251	0.029815424619313347	3720200000.0
252	0.031052806739860186	3720400000.0
253	0.03259528729934514	3720600000.0
254	0.03589779106226518	3720800000.0
255	0.030990037790930843	3721000000.0
256	0.02639866378856599	3721200000.0
257	0.03130745865137713	3721400000.0
258	0.030046088132462668	3721600000.0
259	0.024539266606045593	3721800000.0
260	0.02111542481798742	3722000000.0
261	0.024105297247802394	3722200000.0
262	0.023344878010073095	3722400000.0
263	0.019478671359539047	3722600000.0
264	0.021581484031057713	3722800000.0
265	0.019267764519705303	3723000000.0
266	0.02319566296294087	3723200000.0
267	0.023002029883822373	3723400000.0
268	0.021592710685499644	3723600000.0
269	0.021056881523326916	3723800000.0
270	0.02252394795780946	3724000000.0
271	0.023998353554924728	3724200000.0
272	0.01691231207933893	3724400000.0
273	0.016926098688653014	3724600000.0
274	0.020035322996555978	3724800000.0
275	0.024257885243078158	3725000000.0
276	0.022105101097213035	3725200000.0
277	0.020138520947913685	3725400000.0
278	0.018912298188953285	3725600000.0
279	0.02122130285059388	3725800000.0
280	0.018352807137482132	3726000000.0
281	0.0244744047850988	3726200000.0
282	0.022186694616631267	3726400000.0
283	0.022664649932791946	3726600000.0
284	0.02411368714818888	3726800000.0
285	0.02414196255835683	3727000000.0
286	0.026615542193098293	3727200000.0
287	0.022965392277287517	3727400000.0
288	0.028530312611454226	3727600000.0
289	0.027698803962503002	3727800000.0
290	0.026392850882382017	3728000000.0
291	0.02701612668092567	3728200000.0
292	0.02985250667321756	3728400000.0
293	0.036167162282291686	3728600000.0
294	0.04211544477913189	3728800000.0
295	0.04242736082533308	3729000000.0
296	0.04794077123715117	3729200000.0
297	0.035271686446174816	3729400000.0
298	0.028056428541792383	3729600000.0
299	0.02452866614218238	3729800000.0
300	0.020040859579369314	3730000000.0
301	0.018070610926502126	3730200000.0
302	0.026037742848419716	3730400000.0
303	0.020637669592934005	3730600000.0
304	0.018899189740833024	3730800000.0
305	0.020301983624377223	3731000000.0
306	0.0207533191235953	3731200000.0
307	0.02048917513818589	3731400000.0
308	0.02464727341322787	3731600000.0
309	0.021616046283027983	3731800000.0
310	0.02255028522855972	3732000000.0
311	0.012581742505632258	3732200000.0
312	0.01965959010950529	3732400000.0
313	0.02578659696298958	3732600000.0
314	0.016286292540083937	3732800000.0
315	0.017345531711603326	3733000000.0
316	0.018663576593787836	3733200000.0
317	0.01697329933562458	3733400000.0
318	0.016119533378863155	3733600000.0
319	0.013863557636972048	3733800000.0
320	0.014716004408085423	3734000000.0
321	0.017783084333370166	3734200000.0
322	0.016154057181078565	3734400000.0
323	0.011517423809549553	3734600000.0
324	0.012714285598050377	3734800000.0
325	0.015503158049331146	3735000000.0
326	0.0164302689629281	3735200000.0
327	0.01822176769745843	3735400000.0
328	0.011111704992389393	3735600000.0
329	0.015145639604777342	3735800000.0
330	0.01563468312809741	3736000000.0
331	0.01606233059516126	3736200000.0
332	0.016758947913671454	3736400000.0
333	0.013082938391799132	3736600000.0
334	0.015660433083659536	3736800000.0
335	0.018956536861337782	3737000000.0
336	0.017583485783860722	3737200000.0
337	0.016470426091095634	3737400000.0
338	0.020541158828132414	3737600000.0
339	0.020855856919352947	3737800000.0
340	0.01681767574441515	3738000000.0
341	0.018308469252997495	3738200000.0
342	0.015176621793143831	3738400000.0
343	0.022146792320355085	3738600000.0
344	0.01715520158332825	3738800000.0
345	0.014298181199175936	3739000000.0
346	0.013880309355524251	3739200000.0
347	0.015948499691297153	3739400000.0
348	0.018036708762035888	3739600000.0
349	0.018118399548959344	3739800000.0
350	0.018970180799441766	3740000000.0
351	0.014932031889281872	3740200000.0
352	0.01681479129670467	3740400000.0
353	0.017846838388475724	3740600000.0
354	0.013337374120240653	3740800000.0
355	0.021158169186612962	3741000000.0
356	0.013362034178558944	3741200000.0
357	0.016618915984118524	3741400000.0
358	0.013543470081384984	3741600000.0
359	0.014819523291193456	3741800000.0
360	0.01724656166348953	3742000000.0
361	0.017307133879952804	3742200000.0
362	0.01691834891566353	3742400000.0
363	0.018490990074161915	3742600000.0
364	0.01860431389584901	3742800000.0
365	0.012061885116947972	3743000000.0
366	0.01506973008075352	3743200000.0
367	0.017325541414079368	3743400000.0
368	0.01987393843558486	3743600000.0
369	0.023969611826232615	3743800000.0
370	0.017743976630068707	3744000000.0
371	0.019423577616321307	3744200000.0
372	0.0183577066037346	3744400000.0
373	0.025420835707746777	3744600000.0
374	0.028377171464491046	3744800000.0
375	0.03949185633937682	3745000000.0
376	0.04588578602625119	3745200000.0
377	0.054721428967939266	3745400000.0
378	0.06318629830688399	3745600000.0
379	0.06204476845958519	3745800000.0
380	0.06579512084928023	3746000000.0
381	0.06123258883884642	3746200000.0
382	0.05474034745433657	3746400000.0
383	0.04725991498687221	3746600000.0
384	0.06197467526019425	3746800000.0
385	0.08383763080086146	3747000000.0
386	0.13186393776049213	3747200000.0
387	0.17372449370772508	3747400000.0
388	0.24135759588813324	3747600000.0
389	0.26824963614770364	3747800000.0
390	0.1882425774481836	3748000000.0
391	0.11505899070969162	3748200000.0
392	0.06888541584554618	3748400000.0
393	0.04825700928438544	3748600000.0
394	0.03636333098746276	3748800000.0
395	0.033038464072122097	3749000000.0
396	0.03323448228772856	3749200000.0
397	0.03598030997003128	3749400000.0
398	0.029801780745365748	3749600000.0
399	0.03069888001081163	3749800000.0
400	0.03370354097559382	3750000000.0
401	0.026959380677378134	3750200000.0
402	0.028037491177265655	3750400000.0
403	0.024179810758828614	3750600000.0
404	0.02065986693676256	3750800000.0
405	0.020021775911760572	3751000000.0
406	0.019703050874247008	3751200000.0
407	0.014848315288630598	3751400000.0
408	0.01569923957832537	3751600000.0
409	0.01198097838089135	3751800000.0
410	0.01767703731200413	3752000000.0
411	0.016906251750964617	3752200000.0
412	0.01500425643538922	3752400000.0
413	0.018150154998625885	3752600000.0
414	0.018232872773035987	3752800000.0
415	0.016369289199220732	3753000000.0
416	0.017330141573047037	3753200000.0
417	0.018129824883634543	3753400000.0
418	0.014338560685029852	3753600000.0
419	0.016350593557070355	3753800000.0
420	0.012591722342056522	3754000000.0
421	0.011480879638780993	3754200000.0
422	0.019152278355718907	3754400000.0
423	0.015214765334313434	3754600000.0
424	0.020500063832982845	3754800000.0
425	0.010132277432454097	3755000000.0
426	0.01612761201823197	3755200000.0
427	0.009911687625561431	3755400000.0
428	0.010674368918159611	3755600000.0
429	0.014278996872558044	3755800000.0
430	0.013102571998112097	3756000000.0
431	0.016230493792767677	3756200000.0
432	0.015437128263558243	3756400000.0
433	0.012467538473861308	3756600000.0
434	0.011796180684414419	3756800000.0
435	0.012579359437346758	3757000000.0
436	0.009872373669854296	3757200000.0
437	0.011983481195953652	3757400000.0
438	0.016126832029142807	3757600000.0
439	0.014149895631569662	3757800000.0
440	0.010616141378916024	3758000000.0
441	0.01353244501137983	3758200000.0
442	0.014462502277352926	3758400000.0
443	0.013121020372874062	3758600000.0
444	0.014936790248734106	3758800000.0
445	0.014290509771574282	3759000000.0
446	0.018320150128546396	3759200000.0
447	0.018693756644022903	3759400000.0
448	0.018803998402005282	3759600000.0
449	0.01284340375727469	3759800000.0
450	0.019690664189175745	3760000000.0
451	0.013569546810350934	3760200000.0
452	0.011822069539974785	3760400000.0
453	0.015475738098249031	3760600000.0
454	0.012737857132939017	3760800000.0
455	0.016266566416767676	3761000000.0
456	0.014492147160390708	3761200000.0
457	0.019074609633926744	3761400000.0
458	0.018193909269961547	3761600000.0
459	0.018196594579859737	3761800000.0
460	0.01788796102519525	3762000000.0
461	0.018023698963513524	3762200000.0
462	0.014250441964102752	3762400000.0
463	0.022005948243487436	3762600000.0
464	0.0215676145367352	3762800000.0
465	0.020814203986731027	3763000000.0
466	0.01946155867047221	3763200000.0
467	0.01631885458632304	3763400000.0
468	0.018236044346870133	3763600000.0
469	0.01784059219368536	3763800000.0
470	0.016877464595463437	3764000000.0
471	0.018734539043879193	3764200000.0
472	0.013754743112804993	3764400000.0
473	0.02188702314683775	3764600000.0
474	0.014179531348626567	3764800000.0
475	0.017525370766900923	3765000000.0
476	0.017096170557524742	3765200000.0
477	0.01408992534165294	3765400000.0
478	0.01740450627582371	3765600000.0
479	0.01812636112697543	3765800000.0
480	0.016664933506957982	3766000000.0
481	0.020248921442071067	3766200000.0
482	0.01543874942803767	3766400000.0
483	0.014219516412911968	3766600000.0
484	0.011065058166177909	3766800000.0
485	0.015877008136541894	3767000000.0
486	0.01438721911581832	3767200000.0
487	0.018474286318143213	3767400000.0
488	0.015722645325794808	3767600000.0
489	0.017317400434572375	3767800000.0
490	0.017174988529610483	3768000000.0
491	0.014334835116098447	3768200000.0
492	0.019022695276308937	3768400000.0
493	0.010325517624702775	3768600000.0
494	0.01842454852896624	3768800000.0
495	0.015836580204999708	3769000000.0
496	0.01812472150761937	3769200000.0
497	0.014096254584204618	3769400000.0
498	0.012911405247261245	3769600000.0
499	0.015344486312616295	3769800000.0
500	0.014973960016314429	3770000000.0
501	0.016669141315908294	3770200000.0
502	0.01576181358435703	3770400000.0
503	0.015532754566347392	3770600000.0
504	0.01886377291401685	3770800000.0
505	0.01650788395265627	3771000000.0
506	0.014862270184038701	3771200000.0
507	0.012081667709378133	3771400000.0
508	0.018220770690482155	3771600000.0
509	0.01825405700919605	3771800000.0
510	0.022299101682454504	3772000000.0
511	0.015433831110956014	3772200000.0
512	0.01748884211404144	3772400000.0
513	0.013966963056531499	3772600000.0
514	0.012204998972572571	3772800000.0
515	0.018838260723278762	3773000000.0
516	0.018034667961119986	3773200000.0
517	0.010558449946803725	3773400000.0
518	0.016226498601014643	3773600000.0
519	0.02210528837596543	3773800000.0
520	0.013660851925233032	3774000000.0
521	0.014696693581383374	3774200000.0
522	0.020515431861442265	3774400000.0
523	0.014162591696941356	3774600000.0
524	0.016204198763964933	3774800000.0
525	0.01793432006447673	3775000000.0
526	0.02140973157887755	3775200000.0
527	0.017446376405385062	3775400000.0
528	0.013326976386442388	3775600000.0
529	0.01587958446957286	3775800000.0
530	0.023125150637440688	3776000000.0
531	0.021808673641484647	3776200000.0
532	0.018596297104096996	3776400000.0
533	0.01871144499649377	3776600000.0
534	0.021728294853020032	3776800000.0
535	0.01916695766435613	3777000000.0
536	0.018297331408194246	3777200000.0
537	0.019806275547992906	3777400000.0
538	0.018844330649859582	3777600000.0
539	0.020569669248821094	3777800000.0
540	0.02269178829769255	3778000000.0
541	0.016834677153233002	3778200000.0
542	0.01716330670559791	3778400000.0
543	0.01373535438056514	3778600000.0
544	0.020007304104723088	3778800000.0
545	0.022849239950622366	3779000000.0
546	0.020529963746896487	3779200000.0
547	0.023205227337820458	3779400000.0
548	0.020946004407620376	3779600000.0
549	0.019142549774405465	3779800000.0
550	0.029477034389497035	3780000000.0
551	0.02815840503917044	3780200000.0
552	0.02627341250316664	3780400000.0
553	0.025198654099372265	3780600000.0
554	0.026774210784551895	3780800000.0
555	0.023931316718201187	3781000000.0
556	0.01808654016843275	3781200000.0
557	0.019803551201097853	3781400000.0
558	0.01888805706071744	3781600000.0
559	0.016422166253900184	3781800000.0
560	0.01943570578437769	3782000000.0
561	0.019880255125175356	3782200000.0
562	0.01777776683554475	3782400000.0
563	0.01666643952346551	3782600000.0
564	0.019584389277301474	3782800000.0
565	0.020183044494798637	3783000000.0
566	0.019817661714750478	3783200000.0
567	0.017591014238562852	3783400000.0
568	0.022180490761759066	3783600000.0
569	0.025076179651861024	3783800000.0
570	0.023263150614524653	3784000000.0
571	0.01871056216155488	3784200000.0
572	0.015471101783912988	3784400000.0
573	0.019846598303930683	3784600000.0
574	0.019413999176158377	3784800000.0
575	0.019232039026931703	3785000000.0
576	0.021997308084796694	3785200000.0
577	0.021101621416416454	3785400000.0
578	0.022881987427721174	3785600000.0
579	0.022356477231247215	3785800000.0
580	0.02777331953261229	3786000000.0
581	0.027031296086017752	3786200000.0
582	0.02921757499631814	3786400000.0
583	0.026071031073480185	3786600000.0
584	0.028360220223762216	3786800000.0
585	0.02798858283215728	3787000000.0
586	0.02366539537987132	3787200000.0
587	0.023967908117531942	3787400000.0
588	0.02485277185670276	3787600000.0
589	0.022596095195978515	3787800000.0
590	0.02477276073797602	3788000000.0
591	0.02178908651218908	3788200000.0
592	0.025574637545124748	3788400000.0
593	0.02064672305035067	3788600000.0
594	0.01994818801352275	3788800000.0
595	0.01898424049067765	3789000000.0
596	0.02117612568304127	3789200000.0
597	0.02212089080938189	3789400000.0
598	0.022798867824654012	3789600000.0
599	0.018361588819167052	3789800000.0
600	0.019343153328877125	3790000000.0
601	0.02168899061936285	3790200000.0
602	0.023247827832033593	3790400000.0
603	0.023199774823992988	3790600000.0
604	0.015983670949000908	3790800000.0
605	0.021252448146760725	3791000000.0
606	0.01832774368463397	3791200000.0
607	0.020996648200190038	3791400000.0
608	0.01712823665051631	3791600000.0
609	0.014758988951537608	3791800000.0
610	0.015654829755318	3792000000.0
611	0.01638653390484741	3792200000.0
612	0.018067830936685535	3792400000.0
613	0.020202373630288397	3792600000.0
614	0.01787385415303181	3792800000.0
615	0.01804332618550169	3793000000.0
616	0.013979133120257937	3793200000.0
617	0.020065066253349487	3793400000.0
618	0.020472380982135965	3793600000.0
619	0.013277604681111992	3793800000.0
620	0.020834241332193446	3794000000.0
621	0.022818629751623038	3794200000.0
622	0.0212770840382625	3794400000.0
623	0.021315698531444882	3794600000.0
624	0.020500506205775926	3794800000.0
625	0.02250962760352155	3795000000.0
626	0.022610323023067685	3795200000.0
627	0.019028646809809893	3795400000.0
628	0.023882780563571137	3795600000.0
629	0.022806836838244537	3795800000.0
630	0.021931586308766675	3796000000.0
631	0.019412924790683437	3796200000.0
632	0.02324179339935103	3796400000.0
633	0.013854879573580623	3796600000.0
634	0.026590932332787476	3796800000.0
635	0.021107165196746755	3797000000.0
636	0.01928358089795497	3797200000.0
637	0.024642799090797196	3797400000.0
638	0.019906738896859642	3797600000.0
639	0.02052348924023066	3797800000.0
640	0.02119566548152172	3798000000.0
641	0.025460091051158894	3798200000.0
642	0.030162663178428254	3798400000.0
643	0.0369411897672543	3798600000.0
644	0.026861581283858838	3798800000.0
645	0.023212575027133094	3799000000.0
646	0.0242570683310977	3799200000.0
647	0.02056194868517461	3799400000.0
648	0.021369024356706758	3799600000.0
649	0.02100133521428622	3799800000.0
650	0.021793748843442203	3800000000.0
651	0.026784851359476735	3800200000.0
652	0.023808744891095506	3800400000.0
653	0.025151243597789124	3800600000.0
654	0.02587443379038546	3800800000.0
655	0.02984764847113705	3801000000.0
656	0.03310559178680461	3801200000.0
657	0.03565556229927455	3801400000.0
658	0.045744492473051054	3801600000.0
659	0.04148030972077874	3801800000.0
660	0.03723915391862645	3802000000.0
661	0.04441688159141621	3802200000.0
662	0.04748558806566696	3802400000.0
663	0.05836806834390931	3802600000.0
664	0.06723253890459292	3802800000.0
665	0.06065452209120786	3803000000.0
666	0.0435898230514958	3803200000.0
667	0.031740988124283095	3803400000.0
668	0.026562658326209087	3803600000.0
669	0.024793923509463432	3803800000.0
670	0.021602947732946222	3804000000.0
671	0.022574171990668017	3804200000.0
672	0.0177283259593189	3804400000.0
673	0.022823901952042862	3804600000.0
674	0.020246287094384724	3804800000.0
675	0.0222112517638205	3805000000.0
676	0.019516318502607866	3805200000.0
677	0.021068758792877756	3805400000.0
678	0.01780979393721555	3805600000.0
679	0.017714613078076445	3805800000.0
680	0.02156596450676232	3806000000.0
681	0.021460496772105448	3806200000.0
682	0.019640654570956418	3806400000.0
683	0.01847854557734459	3806600000.0
684	0.018531194937672104	3806800000.0
685	0.013167167228756584	3807000000.0
686	0.022591716589510518	3807200000.0
687	0.021544372445943188	3807400000.0
688	0.025406646012387873	3807600000.0
689	0.018815959261508194	3807800000.0
690	0.018061654857165106	3808000000.0
691	0.01805370561268895	3808200000.0
692	0.017434577182805035	3808400000.0
693	0.018708401345769274	3808600000.0
694	0.017034598731818194	3808800000.0
695	0.020087796275150713	3809000000.0
696	0.015853431279974274	3809200000.0
697	0.013490892603300109	3809400000.0
698	0.017255053678100533	3809600000.0
699	0.019040780458476708	3809800000.0
700	0.01624653336537718	3810000000.0
701	0.02000449944714222	3810200000.0
702	0.017934676144458882	3810400000.0
703	0.023815596224913232	3810600000.0
704	0.017513928553102655	3810800000.0
705	0.015192001008666193	3811000000.0
706	0.021839544093141903	3811200000.0
707	0.01926284696213553	3811400000.0
708	0.01992412485912532	3811600000.0
709	0.01920645635089337	3811800000.0
710	0.018933258934029952	3812000000.0
711	0.01921123243592633	3812200000.0
712	0.015286992806872814	3812400000.0
713	0.018055172443891394	3812600000.0
714	0.021262778941998444	3812800000.0
715	0.015423315162540656	3813000000.0
716	0.020644530675997513	3813200000.0
717	0.01530211075397136	3813400000.0
718	0.018462674839750365	3813600000.0
719	0.019151603056237025	3813800000.0
720	0.019842999574399202	3814000000.0
721	0.022134353784080997	3814200000.0
722	0.023852033354506766	3814400000.0
723	0.016537681010461668	3814600000.0
724	0.01385259838348418	3814800000.0
725	0.015408760630956957	3815000000.0
726	0.01949672055407027	3815200000.0
727	0.015872609751005004	3815400000.0
728	0.01683263444198867	3815600000.0
729	0.015425605633887963	3815800000.0
730	0.016289138020175193	3816000000.0
731	0.02103664460066271	3816200000.0
732	0.017466659949364083	3816400000.0
733	0.020987442378626965	3816600000.0
734	0.012151982195386254	3816800000.0
735	0.014870906957031959	3817000000.0
736	0.017055396326403814	3817200000.0
737	0.012233233404753689	3817400000.0
738	0.016805986071055757	3817600000.0
739	0.010397414669256146	3817800000.0
740	0.02079471005491872	3818000000.0
741	0.015936641913304964	3818200000.0
742	0.01250013905450568	3818400000.0
743	0.01714181403913334	3818600000.0
744	0.013729612466130614	3818800000.0
745	0.019407320944130547	3819000000.0
746	0.012334816116480777	3819200000.0
747	0.015067250067961356	3819400000.0
748	0.016943169774208237	3819600000.0
749	0.011280096629432941	3819800000.0
750	0.009783509279903877	3820000000.0
751	0.00938419603980055	3820200000.0
752	0.013892454724522246	3820400000.0
753	0.016661015455273334	3820600000.0
754	0.015702458694982244	3820800000.0
755	0.01272379961176604	3821000000.0
756	0.008988245567859607	3821200000.0
757	0.01261631257116152	3821400000.0
758	0.013340422779818855	3821600000.0
759	0.01360984863152028	3821800000.0
760	0.012496259500243856	3822000000.0
761	0.011000128378507303	3822200000.0
762	0.013671217640232004	3822400000.0
763	0.011511005251430294	3822600000.0
764	0.013105224517609221	3822800000.0
765	0.01084256522288533	3823000000.0
766	0.016656071735673524	3823200000.0
767	0.013269023270664152	3823400000.0
768	0.012747791624019063	3823600000.0
769	0.013501531284358466	3823800000.0
770	0.02088949061523815	3824000000.0
771	0.016451973288581827	3824200000.0
772	0.014506882063851919	3824400000.0
773	0.016046655078983042	3824600000.0
774	0.01664483288715906	3824800000.0
775	0.012974495211002865	3825000000.0
776	0.017502210803354592	3825200000.0
777	0.016816135457050033	3825400000.0
778	0.012886011033721308	3825600000.0
779	0.014306446895403014	3825800000.0
780	0.013357029511905089	3826000000.0
781	0.007009041039193467	3826200000.0
782	0.016644981062782477	3826400000.0
783	0.01566640634462918	3826600000.0
784	0.01545434762214419	3826800000.0
785	0.01887252347695462	3827000000.0
786	0.010664256182418659	3827200000.0
787	0.015138046533576513	3827400000.0
788	0.01388370048106373	3827600000.0
789	0.017651291969169834	3827800000.0
790	0.013931194783461226	3828000000.0
791	0.017737091438699726	3828200000.0
792	0.018623076441678328	3828400000.0
793	0.01703043302364961	3828600000.0
794	0.014861661876922392	3828800000.0
795	0.019792192895017196	3829000000.0
796	0.017011709625208534	3829200000.0
797	0.019710832832289183	3829400000.0
798	0.02526832609426748	3829600000.0
799	0.01534600707099271	3829800000.0
800	0.013866178977247082	3830000000.0
801	0.01489801230516976	3830200000.0
802	0.015334259922465942	3830400000.0
803	0.014136539338742564	3830600000.0
804	0.017835054099558528	3830800000.0
805	0.020146296753021747	3831000000.0
806	0.024765730181554025	3831200000.0
807	0.020578808642636358	3831400000.0
808	0.023855266988043203	3831600000.0
809	0.019184054138452967	3831800000.0
810	0.016690598945211695	3832000000.0
811	0.021409768803271174	3832200000.0
812	0.016671819552740486	3832400000.0
813	0.02366632846859323	3832600000.0
814	0.019701304481617166	3832800000.0
815	0.017549035486062414	3833000000.0
816	0.020570595884763846	3833200000.0
817	0.01946769049331783	3833400000.0
818	0.017127333673530268	3833600000.0
819	0.019808910072537662	3833800000.0
820	0.01831281877129383	3834000000.0
821	0.019583716233933776	3834200000.0
822	0.017265976429475857	3834400000.0
823	0.01945571624686499	3834600000.0
824	0.017106059154916132	3834800000.0
825	0.016168376371785934	3835000000.0
826	0.018101260521037357	3835200000.0
827	0.014428619306869825	3835400000.0
828	0.013098976819381975	3835600000.0
829	0.013390069386520164	3835800000.0
830	0.015611581906141814	3836000000.0
831	0.017895661194561076	3836200000.0
832	0.017877661563274007	3836400000.0
833	0.017838872289604027	3836600000.0
834	0.016037614323698452	3836800000.0
835	0.021743280911313806	3837000000.0
836	0.022249250527919956	3837200000.0
837	0.01706939564038331	3837400000.0
838	0.021451149898279336	3837600000.0
839	0.02359402723301171	3837800000.0
840	0.016735724680740836	3838000000.0
841	0.017858662578023595	3838200000.0
842	0.016655716377959203	3838400000.0
843	0.018842376214590936	3838600000.0
844	0.01379532538310883	3838800000.0
845	0.018151759319139486	3839000000.0
846	0.022290751786828086	3839200000.0
847	0.019543087385428655	3839400000.0
848	0.02241452523956064	3839600000.0
849	0.021961678599523	3839800000.0
850	0.0206452480914454	3840000000.0
851	0.022251509574040124	3840200000.0
852	0.017773794921332707	3840400000.0
853	0.017999146667049437	3840600000.0
854	0.01907031995418144	3840800000.0
855	0.011773413078669435	3841000000.0
856	0.01688850797371334	3841200000.0
857	0.02293851225142562	3841400000.0
858	0.02000303540423416	3841600000.0
859	0.019615407593885782	3841800000.0
860	0.01939333885905228	3842000000.0
861	0.019642494045336127	3842200000.0
862	0.02242408553360786	3842400000.0
863	0.015576685361657204	3842600000.0
864	0.019856772326752613	3842800000.0
865	0.01840959642647846	3843000000.0
866	0.019872404303869627	3843200000.0
867	0.021349566619624637	3843400000.0
868	0.020602482612947105	3843600000.0
869	0.021020958213068867	3843800000.0
870	0.018335056557408653	3844000000.0
871	0.02137574258153853	3844200000.0
872	0.018599698000276763	3844400000.0
873	0.022216068700463627	3844600000.0
874	0.023357645501185253	3844800000.0
875	0.018882107458967345	3845000000.0
876	0.020720093329983875	3845200000.0
877	0.020858263078920292	3845400000.0
878	0.01852205844045848	3845600000.0
879	0.01705350212901848	3845800000.0
880	0.02041487626349019	3846000000.0
881	0.014909771067637244	3846200000.0
882	0.01560001722893135	3846400000.0
883	0.014114479590732478	3846600000.0
884	0.014782996469508682	3846800000.0
885	0.017385223762687158	3847000000.0
886	0.014347066323258106	3847200000.0
887	0.014501402728716304	3847400000.0
888	0.012775327257089193	3847600000.0
889	0.012216187901581152	3847800000.0
890	0.016602570496959453	3848000000.0
891	0.01645887767915357	3848200000.0
892	0.015250774174617187	3848400000.0
893	0.015817135589946334	3848600000.0
894	0.018992397569705863	3848800000.0
895	0.019172198559183635	3849000000.0
896	0.020924342435630384	3849200000.0
897	0.01926064551937817	3849400000.0
898	0.01786912410442785	3849600000.0
899	0.014863458060912086	3849800000.0
900	0.013253212779312098	3850000000.0
901	0.01648330732143671	3850200000.0
902	0.02044803492944741	3850400000.0
903	0.016968500522441102	3850600000.0
904	0.021758564181788356	3850800000.0
905	0.020314043150899817	3851000000.0
906	0.015872336630902286	3851200000.0
907	0.018838034290355368	3851400000.0
908	0.020419841203891537	3851600000.0
909	0.02210022651067456	3851800000.0
910	0.02052525547427936	3852000000.0
911	0.018087226886805103	3852200000.0
912	0.02641811280456543	3852400000.0
913	0.031051484548137852	3852600000.0
914	0.025659559707073374	3852800000.0
915	0.02734852343516291	3853000000.0
916	0.02430379564134074	3853200000.0
917	0.025477143112790174	3853400000.0
918	0.024633326549348907	3853600000.0
919	0.02267379807501894	3853800000.0
920	0.037908523175193984	3854000000.0
921	0.04844814150398606	3854200000.0
922	0.0664930009979462	3854400000.0
923	0.09590657205704127	3854600000.0
924	0.14271543860651814	3854800000.0
925	0.1849713223725451	3855000000.0
926	0.2204286936598305	3855200000.0
927	0.2759964319823257	3855400000.0
928	0.26898238130577984	3855600000.0
929	0.20324683589561035	3855800000.0
930	0.1284516053887476	3856000000.0
931	0.08539892214124843	3856200000.0
932	0.059029810824031956	3856400000.0
933	0.0409463509217266	3856600000.0
934	0.03583358409458121	3856800000.0
935	0.0317134895230391	3857000000.0
936	0.029159872199390244	3857200000.0
937	0.029093263137750364	3857400000.0
938	0.033848895210048476	3857600000.0
939	0.04123509477600726	3857800000.0
940	0.04957454029851364	3858000000.0
941	0.05018520887057584	3858200000.0
942	0.04712006962355322	3858400000.0
943	0.03716116015828012	3858600000.0
944	0.027868257739977198	3858800000.0
945	0.02943745810388338	3859000000.0
946	0.021960988083217097	3859200000.0
947	0.01837369477987511	3859400000.0
948	0.021917718060105923	3859600000.0
949	0.01653052282860846	3859800000.0
950	0.021265704624877226	3860000000.0
951	0.01911094030533515	3860200000.0
952	0.021140684083362723	3860400000.0
953	0.019171514502625386	3860600000.0
954	0.01636787962123963	3860800000.0
955	0.016838331351615794	3861000000.0
956	0.020926229795958037	3861200000.0
957	0.0185829539194532	3861400000.0
958	0.0210456437412987	3861600000.0
959	0.021146719796342403	3861800000.0
960	0.023223425366669447	3862000000.0
961	0.02319938276675166	3862200000.0
962	0.019253639611796207	3862400000.0
963	0.01988785260770397	3862600000.0
964	0.020074676142252928	3862800000.0
965	0.02518357683668084	3863000000.0
966	0.023968357074058654	3863200000.0
967	0.020740876370493665	3863400000.0
968	0.020934884854497973	3863600000.0
969	0.021387402675685528	3863800000.0
970	0.01771497160129733	3864000000.0
971	0.01903187872921969	3864200000.0
972	0.020112686614080465	3864400000.0
973	0.01453837849392933	3864600000.0
974	0.01893613123171501	3864800000.0
975	0.016993334039274634	3865000000.0
976	0.015891557553237106	3865200000.0
977	0.018267944451982432	3865400000.0
978	0.023669917739171587	3865600000.0
979	0.0196364822665547	3865800000.0
980	0.01648818863924061	3866000000.0
981	0.01945054451766871	3866200000.0
982	0.02113976066243602	3866400000.0
983	0.01208221558394033	3866600000.0
984	0.021354855489537448	3866800000.0
985	0.01772663972622963	3867000000.0
986	0.017621649209111964	3867200000.0
987	0.020707721045148408	3867400000.0
988	0.018036405913543864	3867600000.0
989	0.01985718378162873	3867800000.0
990	0.02004006334295009	3868000000.0
991	0.018560753483738306	3868200000.0
992	0.020304794324267038	3868400000.0
993	0.02250109743321245	3868600000.0
994	0.01855914938870864	3868800000.0
995	0.028123173636902386	3869000000.0
996	0.018081976821927418	3869200000.0
997	0.019401385356042335	3869400000.0
998	0.017531951194386802	3869600000.0
999	0.021780781684641433	3869800000.0
1000	0.02106630949578839	3870000000.0
1001	0.018194930956502493	3870200000.0
1002	0.01466445512045058	3870400000.0
1003	0.018643856063939555	3870600000.0
1004	0.016066021814008152	3870800000.0
1005	0.02278272298031662	3871000000.0
1006	0.01973065947728075	3871200000.0
1007	0.019815134360334014	3871400000.0
1008	0.01669093379799283	3871600000.0
1009	0.018496092372366206	3871800000.0
1010	0.02082509770759871	3872000000.0
1011	0.021417625800730977	3872200000.0
1012	0.02036703734546683	3872400000.0
1013	0.018667974830141244	3872600000.0
1014	0.021745656860846726	3872800000.0
1015	0.02113551208314703	3873000000.0
1016	0.018195322894983903	3873200000.0
1017	0.02022288614725111	3873400000.0
1018	0.018045109764639692	3873600000.0
1019	0.01777524493080546	3873800000.0
1020	0.019937394131333136	3874000000.0
1021	0.021406533544962972	3874200000.0
1022	0.0196447555798488	3874400000.0
1023	0.024467165246599858	3874600000.0
1024	0.020157432509626424	3874800000.0
1025	0.023190170657985155	3875000000.0
1026	0.020595044338134937	3875200000.0
1027	0.019895763833076865	3875400000.0
1028	0.023231222749372397	3875600000.0
1029	0.023915343585790828	3875800000.0
1030	0.019412412211063698	3876000000.0
1031	0.024057784225431107	3876200000.0
1032	0.022139796087216754	3876400000.0
1033	0.023105381785536262	3876600000.0
1034	0.022778313578235072	3876800000.0
1035	0.025333706329984395	3877000000.0
1036	0.02393333046467997	3877200000.0
1037	0.024444112385903792	3877400000.0
1038	0.025643001199762212	3877600000.0
1039	0.024405808436461746	3877800000.0
1040	0.02028333424330587	3878000000.0
1041	0.023385137758521066	3878200000.0
1042	0.02306120513311301	3878400000.0
1043	0.02301369571999329	3878600000.0
1044	0.021024112330748683	3878800000.0
1045	0.019747844208809935	3879000000.0
1046	0.015443776969359625	3879200000.0
1047	0.019260434563553773	3879400000.0
1048	0.021029897905476155	3879600000.0
1049	0.021593467143606944	3879800000.0
1050	0.019556917618767024	3880000000.0
1051	0.02345042114512594	3880200000.0
1052	0.019943489222873992	3880400000.0
1053	0.01881267542790233	3880600000.0
1054	0.022236881974429797	3880800000.0
1055	0.021012351606895595	3881000000.0
1056	0.021727857433094546	3881200000.0
1057	0.024083019553955014	3881400000.0
1058	0.02258679250612484	3881600000.0
1059	0.022648402034897323	3881800000.0
1060	0.02704331870814871	3882000000.0
1061	0.024920207687750832	3882200000.0
1062	0.025775500882384995	3882400000.0
1063	0.022139341831244504	3882600000.0
1064	0.02520750583149815	3882800000.0
1065	0.020115802407801003	3883000000.0
1066	0.020626951559633115	3883200000.0
1067	0.01919798246321951	3883400000.0
1068	0.027561493740878996	3883600000.0
1069	0.023026109317730623	3883800000.0
1070	0.021180784737943218	3884000000.0
1071	0.022463856524717406	3884200000.0
1072	0.02036707044615959	3884400000.0
1073	0.019675472941420708	3884600000.0
1074	0.022725105379023697	3884800000.0
1075	0.02169368102512257	3885000000.0
